,keyword,values
20,건강,1312
50,다이어트,561
84,운동,508
22,일상,290
6,소통,202
202,diet,190
230,운동하는여자,190
126,헬스,183
1453,면역력강화,183
256,운동스타그램,175
184,다이어트식단,169
59,맞팔,162
133,좋아요,147
198,다이어터,134
118,식단,130
79,데일리,130
232,운동하는남자,120
134,헬스타그램,114
132,health,113
259,건강스타그램,112
58,선팔,106
330,홈트,105
354,힐링,95
451,건강식단,93
130,팔로우,91
186,daily,90
752,여행,88
194,건강식,86
236,헬린이,83
436,다이어트그램,79
275,유지어터,75
173,먹스타그램,74
438,workout,71
613,행복,69
767,샐러드,65
681,면역력,64
195,식단일기,63
1308,아침,63
1501,건강식품,62
718,일상스타그램,61
185,food,61
192,healthy,59
477,다이어트레시피,57
97,뷰티,57
575,웨이트,56
1359,dietfood,56
1060,새벽운동,55
342,좋아요반사,52
65,좋반,52
598,여름,52
935,사랑,51
639,맛집,50
1132,salad,49
239,피트니스,47
1070,카페,45
443,fitness,45
519,식단관리,45
1779,홍삼,44
302,집밥,44
1122,샐러드맛집,44
753,꿈,43
222,필라테스,43
1157,건강관리,42
1015,healthylifestyle,42
150,인스타그램,39
237,명언,39
593,요가,39
55,선팔하면맞팔,38
3203,운동식단,38
187,식단기록,37
291,휴가,36
655,육아맘,36
306,오늘,36
226,pt,36
1585,부모님선물,35
455,취미,35
190,식단조절,35
725,korea,35
1491,커피,35
196,healthyfood,34
1495,피부관리,34
1107,걷기,34
527,바디프로필,34
479,헬린이의하루,34
1045,부산,33
1500,주부,33
1679,육아,33
1842,repost,33
1148,유산균,33
180,맛스타그램,32
463,근력운동,32
998,독서,32
415,사진,32
1494,콜라겐,31
414,제주여행,31
596,korean,31
1105,꽃,31
258,자기관리,31
1053,해운대,31
1504,유니베라,30
2144,다이어트소통,30
2669,beauty,30
503,목요일,30
428,제주도,30
1259,홈케어,30
904,자기계발,30
411,먹방,29
0,시즌오프,29
1,못먹어봄,29
688,관리,29
905,동기부여,29
727,육아스타그램,28
1096,cook,28
957,몸매,28
1493,맘,28
191,음식,27
418,부부스타그램,27
1306,스피닝,27
2,두물머리핫도그,27
1497,서창동,27
1499,인천카페,27
3,정떠떠챌린지,27
2183,다이어트일기,27
270,트레이닝,26
1505,줌마,26
672,여름휴가,26
334,몸스타그램,26
1502,유니베라서창,26
100,디톡스,26
659,글,26
550,셀카,25
1156,건강기능식품,25
591,선물,25
113,첫줄,25
2673,안티에이징,25
199,클린식단,25
2058,비타민d,25
255,헬스장,25
251,출근,25
604,셀스타그램,24
2660,lovemore,24
2679,residual,24
2674,dreambig,24
2675,type5,24
632,홈트레이닝,24
2659,peoplepower,24
2678,사람,24
689,인친,24
2667,homecare,24
1492,알로에,24
2663,일인기업,24
2658,복리이자,24
4,피티,24
561,바디프로필준비중,24
512,저녁,24
416,부부여행,23
2668,leverage,23
2676,sidehustles,23
2672,성공습관,23
277,영양,23
2634,calories,23
2666,compoundinginterest,23
732,맘스타그램,23
597,등산,23
2671,부수입,23
2677,connection,23
1496,인천맛집,23
1498,카페투어,23
2398,미라클모닝,23
2662,젊음,23
465,벌크업,23
2371,200729,23
952,웨이트트레이닝,23
1441,아침운동,23
2661,lifechangers,23
2695,인생역전,23
1312,실내자전거,22
1714,영양제,22
69,명상,22
1046,감사합니다,22
686,눈바디,22
326,재활,22
1778,부부,22
1633,체중감량,22
1503,만수동,22
2665,권리소득,22
2636,칼로리다이어트,22
466,닥터스베스트,22
264,관리하는여자,22
262,운동기록,22
729,간식,22
2637,칼로리,22
2664,antiaging,22
1409,트레이너,21
3011,헬창,21
1735,trgo,21
653,f4f,21
3889,홍삼추천,21
750,ootd,21
2670,entrepreneur,21
496,성공,21
1687,댄스,21
1944,근력,21
617,운스타그램,21
1311,jackipapp,20
1309,홈스피닝,20
1415,육아소통,20
1307,좋은말,20
1349,맞팔해요,20
2726,울진여행,20
805,온더테이블,20
472,다이어트기록,20
1040,smile,20
1304,jackiecycle,20
568,selfie,20
554,푸드스타그램,20
431,건강그램,20
144,하루,20
510,점심,20
1517,시골,19
1006,글스타그램,19
891,감사,19
1056,서면,19
1303,indoorcycling,19
2723,vacation,19
480,운동남,19
1147,장건강,19
670,바디체크,19
1449,나만의방식,19
2722,국내여행,19
3049,닥터스베스트직구,19
2630,foodie,19
1314,재키사이클,19
533,스트레스,19
744,서울,19
1691,살빼기,19
2101,마음,19
1048,병원,19
932,병원스타그램,19
1305,미라클재키,19
1310,재키앱,19
1313,삶의활력소,19
1881,instafood,18
683,셀피,18
507,소통해요,18
1327,건강한식단,18
3890,김오곤홍삼은미노맘,18
1446,늘지금처럼꾸준하게그리고즐겁게,18
2721,울진,18
1097,life,18
501,일상그램,18
473,인바디,18
794,근육,18
745,gym,18
594,몸무게,18
189,다이어터그램,18
3886,김오곤하루활력골드스틱,18
140,공감,18
761,바디프로필준비,18
605,훈남,18
464,아연,18
3888,홍삼스틱추천,18
3882,홍삼정,18
3881,6년근홍삼정,18
155,덕분에,18
1391,자존감,17
279,아침식단,17
3887,김오곤홍삼,17
131,직장인,17
478,얼라이브비타민,17
3880,여름면역,17
1378,피로회복,17
959,fff,17
101,이너뷰티,17
1880,오늘뭐먹지,17
2690,비타민b,17
1886,foodstagram,17
2526,걷기운동,17
1445,부부사랑,17
1448,광륜사,17
1447,도봉산,17
2504,리즈갱신,17
746,dailylook,17
610,몸짱,16
1570,tr90,16
3911,면역력키우기,16
482,음식스타그램,16
1471,창포원,16
1376,다이어트자극,16
795,쇠질,16
383,맛있다그램,16
2993,이벤트,16
3885,lb컴퍼니,16
3884,엘비컴퍼니,16
1450,힐링걷기,16
641,먹스타,16
612,얼스타그램,16
1044,냉정,16
1043,좋은삼선병원,16
3421,신상품나왔을땐,16
1047,여러분덕분에,16
977,감성,16
1747,하체운동,16
3415,서울약사신협,16
500,시작,16
756,대전,16
1055,busan,16
881,럽스타그램,16
1528,delicious,15
2680,마그네슘,15
333,스트레칭,15
1757,follow,15
2527,일기스타그램,15
1051,사랑합니다,15
442,몸매관리,15
1042,덥다,15
3883,6년근홍삼,15
2524,일기,15
2435,운동하는직장인,15
467,비타민c,15
2502,디엠디엠💌,15
2322,열정,15
3186,운동인증,15
877,러닝,15
1410,단백질,15
2523,치유,15
2529,재생,15
2535,길,15
2536,기록하기,15
2533,심장,15
3160,아이허브영양제,15
2267,영양제직구,15
2531,힐링스타그램,15
4005,홍삼진액,15
1031,여성건강,14
1753,남자,14
43,책,14
3159,나우푸드직구,14
2503,시민권,14
1855,노화방지,14
1811,일상소통,14
525,식단일지,14
1740,해독,14
1054,광안리,14
111,크로스핏,14
1834,한국건강증진개발원,14
1745,다이어트식단일기,14
3416,건강이최고,14
391,요리,14
2428,긍정의힘,14
1167,선팔맞팔,14
749,구미,14
606,셀카그램,14
1380,프로바이오틱스,14
3051,오메가3,14
2982,스쿼트,14
2528,감성스타그램,14
1253,다이어터식단,14
763,운동그램,14
1364,다이어트보조제,14
1458,추천,14
2074,운동일기,14
1825,홍삼스틱,14
2534,감동스타그램,14
2525,사진스타그램,14
99,투잡,13
2318,긍정,13
3417,08l,13
1315,리그램,13
1878,홈쿡,13
827,채식,13
1641,건강한다이어트,13
470,피부,13
1783,건강하자,13
2145,다이어트계정,13
673,비타민,13
310,닭가슴살,13
1644,챌린지,13
468,종합비타민,12
2379,건강음식,12
1347,followforfollowback,12
600,l4l,12
2747,나우푸드마카,12
2754,나우푸드실리마린,12
475,나우푸드아연,12
543,dm,12
2748,스포츠리서치오메가3,12
728,과일주스,12
2714,유산소,12
2091,인생,12
1516,사과,12
3407,돌파,12
762,건강하게살빼기,12
1988,꾸준히,12
3896,면역플러스,12
1982,사랑해,12
44,책스타그램,12
1786,선물추천,12
209,건강정보,12
2584,운동녀,12
1953,체력,12
806,홈스타그램,12
1948,목표달성,12
1763,요거트,12
903,좋은글,12
1940,줌마일상,12
1011,자연,12
1939,기장,12
1921,보디빌딩,12
289,장마,12
1738,워킹맘,12
2117,루틴,12
1835,코로나블루극복,12
2115,조깅,12
1841,술없이즐기는홈캉스,11
3238,환경정화,11
2118,성장,11
1839,이벤트스타그램,11
3247,자원봉사,11
48,북스타그램,11
3233,1365,11
3234,광주잘되는팀,11
3246,그린백,11
1381,살빼자,11
4019,홍삼농축액,11
3237,깃대종,11
956,팔로우미,11
1838,절주이벤트,11
2569,습관성형,11
907,시,11
3239,국립공원,11
3240,등대스탬프투어,11
1837,오늘의음주,11
3241,김미경리부트,11
389,도전,11
469,닥터스베스트msm,11
1836,절주스타그램,11
661,fit,11
3023,아이허브4월할인코드,11
1941,뱃살,11
551,인스타,11
634,스포츠,11
1263,주부스타그램,11
331,필라테스강사,11
3035,산,11
1091,homemade,11
1088,집밥스타그램,11
3047,마카,11
2314,succece,11
2313,routine,11
1734,뉴스킨,11
2316,passion,11
862,달리기,11
2324,change,11
2325,chooseandfocus,11
3254,국립공원스탬프투어,11
2326,겸손,11
3253,xs동행,11
3406,2000명,11
1945,뱃살빼기,11
248,book,11
2328,변화,11
2312,positive,11
3251,백두대간,11
3050,나우푸드아르기닌,11
3249,cio,11
1203,여행스타그램,11
405,협찬,11
1840,기프트카드,11
4018,투데이홍삼정,11
1795,健康,11
571,킬레이트마그네슘,11
899,코로나19,10
1744,공복유산소,10
71,스트레스해소,10
900,마라톤,10
26,보험,10
67,화이팅,10
906,친구,10
54,instagram,10
3959,면역력증진,10
929,꿀팁,10
2315,인내심,10
4037,흑마늘진액,10
1741,운동루틴,10
3252,mkyu,10
2505,yum,10
2317,humble,10
2323,patient,10
506,주말,10
646,맛집투어,10
1667,삿갓유통,10
1520,신혼부부,10
371,부모님,10
104,수원,10
3104,골프,10
365,웰빙,10
1591,건강즙,10
755,50대,10
3988,풀마루그램,10
2217,abc주스,10
2608,healthyliving,10
2321,선택과집중,10
1518,사과즙,10
2128,허벌라이프,10
1079,어린이집,10
3113,body,10
1082,유치원,10
303,nutrition,10
315,today,10
2133,직장인다이어트,10
691,공유,10
690,헬스타,10
325,몸만들기,10
332,pilates,10
3229,쓰담쓰담,10
1609,블루베리,10
3231,민턴,10
770,휘경동필라테스,10
1913,프로틴,10
119,복싱,10
1678,밀키요,10
3243,씨클,10
1674,청와대요거트,10
1673,헬스식단,10
1669,그릭요거트,10
3242,블야명산💯어게인,10
1661,비,10
2962,체형교정,10
3982,면역력향상,10
3236,그린포인트,10
3987,풀마루자연만을,10
779,청량리헬스,10
1401,헬스트레이너,10
777,회기필라테스,10
776,프로필,10
775,제기동pt,10
773,제기동필라테스,10
2148,다이어트음식,10
771,휘경동pt,10
349,위생,10
1155,선물스타그램,9
700,다이어트도시락,9
2331,밥,9
4044,감기예방,9
772,청량리필라테스,9
778,운동프로필,9
2597,healthyeating,9
2753,헤어,9
2319,dailylife,9
2082,복근,9
1671,임산부그램,9
3542,닥터스베스트킬레이트마그네슘,9
2253,인스타푸드,9
3443,닥터스베스트멀티비타민,9
2019,술없이홈캉수,9
260,운동소통,9
304,breakfast,9
1903,간편식,9
309,식단공유,9
1473,jmt,9
2799,대구,9
2130,허벌라이프코치,9
2142,다이어트중,9
1425,소통스타그램,9
1723,프리바이오틱스,9
1649,dinner,9
1818,줌마그램,9
1760,좋은,8
722,풀업,8
953,노력,8
2423,새벽,8
3899,엘더베리시럽,8
1083,밀크티,8
2092,믿음,8
3067,caloriecurator,8
719,밀리터리,8
723,pullup,8
2100,재무설계,8
724,군인스타그램,8
2075,타임스탬프,8
733,건강주스,8
1808,임산부,8
3278,실리마린,8
748,합정,8
3898,플러스,8
751,자작시,8
697,데일리룩,8
3065,foodadventures,8
3021,아이허브8월할인코드,8
1429,dailygram,8
2830,순간,8
1420,건강상식,8
1125,브런치,8
1421,직장맘,8
966,그림,8
965,vegetables,8
1104,강아지,8
1100,반사,8
2867,love,8
1439,공복운동,8
1099,오오티디,8
1098,패션,8
2858,신경주역,8
1460,파스타,8
2112,미국,8
958,바디스타그램,8
758,날좋으면자연을담는여자,8
3441,힙업,8
1598,유산균추천,8
768,dietgram,8
836,vegan,8
838,디저트,8
841,케이크,8
843,유기농,8
1918,용인,8
921,예방,8
3922,육아맘소통,8
867,런닝,8
1732,헬스케어,8
1739,아침식사,8
93,전주,8
2521,운동하자,8
897,딸스타그램,8
3018,타바타,8
3019,아이허브10월할인코드,8
3020,아이허브3월할인코드,8
902,배고파,8
835,비건,8
1675,직장인스타그램,8
3028,등산스타그램,8
3538,기회,8
3073,potd,8
41,책추천,8
774,청량리pt,8
4234,건강한먹거리,8
1788,영양제추천,8
1643,걱정,8
2160,muscle,8
181,이마트,8
829,비건빵,8
1950,탄수화물줄이기,8
1037,생리불순,8
3266,나우푸드,8
1665,탈모,8
1029,여성질환,8
1668,헬로네이처,8
1027,2020년,8
1130,원플레이트,8
2484,보상,8
2383,홈요가,8
1248,물,8
1294,성남,8
1383,체지방,8
400,모델,8
502,오짐,8
1218,비키니,8
410,데일리그램,8
2382,건강한삶,8
476,멀티비타민,8
3158,스포츠리서치,8
540,멋스타그램,8
1352,내돈내산,8
3183,산책,8
1338,bread,8
1320,유산소운동,8
2751,비타민a,8
1196,무설탕,8
2752,닥터스베스트비타민c,8
514,photo,8
1385,변비,8
621,싸이클,8
647,원주,8
544,거울샷,8
553,날씨,8
577,코로나,8
1394,뷰티스타그램,8
3157,나우푸드레시틴,8
1171,셀기꾼,8
2290,음악,8
505,경기광주,8
4051,배도라지즙,8
1873,소소한일상,7
176,uspgc,7
1198,맛집추천,7
3024,나우푸드오메가3,7
171,영양간식,7
1870,딸맘,7
170,피칸스타그램,7
1606,친환경,7
1153,소확행,7
3267,아이허브12월할인코드,7
486,먹팔,7
169,피칸,7
168,미국피칸협회,7
2936,허리,7
2452,다이어트전후,7
3273,퍼스널트레이닝,7
2755,엘카르니틴,7
178,견과류의여왕,7
1616,무농약,7
213,채소주스,7
2474,외상후스트레스,7
1634,건강밥상,7
1151,장,7
910,세상의좋은글,7
474,닥터스베스트엘카르니틴,7
2590,nrc,7
909,자기개발,7
1284,장기프로젝트,7
167,pecans,7
201,다노,7
218,착즙주스,7
1615,과일,7
2758,비오는날,7
1954,펑셔널트레이닝,7
182,견과,7
1959,인천,7
161,홈플러스,7
165,미국피칸,7
1400,미트리,7
886,감성글귀,7
1943,다욧,7
135,레그프레스,7
885,찬양,7
884,god,7
883,끄적끄적,7
851,디저트맛집,7
1928,팔로우환영,7
1699,싹쓰리,7
879,교회,7
857,어린이간식,7
858,수제,7
2376,요가강사,7
861,running,7
876,runner,7
864,run,7
1888,도시락,7
1737,에이지락,7
870,marathon,7
887,기독교,7
2377,좋은습관,7
888,청포도,7
2472,곤다이브,7
1261,like,7
2750,닥터스베스트비타민d,7
2467,다이버,7
2468,gon,7
4042,육아맘일상,7
2469,주말다이빙,7
2470,여자,7
2471,곤,7
2473,다이브,7
890,크리스챤,7
896,성령과율법교회,7
895,열여덟어른,7
894,흔글,7
893,보호종료아동,7
892,청춘들이삶을포기하지않게도와주겠습니다,7
3015,꿀잠,7
1280,walking,7
148,미용스타그램,7
2556,추억,7
3921,코로나조심,7
1996,keto,7
1093,샌드위치,7
2188,미숫가루,7
2874,신경주,7
692,두아들맘,7
693,30후반,7
695,언팔가라,7
1092,cooking,7
698,훈녀,7
699,바디샷,7
316,방울토마토,7
3069,eat,7
2623,foodporn,7
3070,livetoeat,7
305,아보카도,7
2216,비트,7
3331,치맥,7
3258,라이프,7
3117,preworkout,7
1080,단체주문,7
3112,미소,7
2186,방앗간,7
1813,젊줌마,7
3071,foodislife,7
529,다이어트메뉴,7
2479,피아노,7
1406,퍼스널트레이너,7
2478,gondive,7
378,무첨가,7
1412,건강선물,7
648,맛,7
2476,padidiver,7
2475,작심3일,7
645,먹부림,7
390,한끼식사,7
666,운동하는엄마,7
963,vegetarian,7
530,식단스타그램,7
955,exercise,7
350,안전,7
2127,굿모닝,7
2805,내바디는20살대학,7
954,weight,7
1095,recipe,7
622,요리하는남자,7
709,샐러드도시락,7
2442,오늘의운동,7
4207,풀마루흑마늘,7
3914,차가버섯,7
3560,옥수수,7
2906,돈관리,7
2042,연극,7
3156,유지식단,7
2228,abc쥬스,7
743,홍대,7
2292,워라벨,7
3916,베푼긴,7
927,개구쟁이,7
1789,결혼,7
3917,차가버섯엑기스,7
4209,유기농건강지킴이,7
1293,방학,7
4210,1일2풀,7
3918,차가버섯분말,7
3920,우리차가,7
757,seed아티스트,7
759,이미지캘리그라퍼천성자,7
608,몸매스타그램,7
523,오나오,7
739,아이간식,7
3037,산스타그램,7
2073,영양제그램,7
526,초보다이어터,7
720,해병대,7
721,군인,7
1319,인스타데일리,7
1316,한국음식,7
2077,100일다이어트,7
940,마스크,7
1889,남편,7
1806,도치맘,7
730,간식추천,7
2068,면연력,7
2739,면역력증가,6
1807,예비맘,6
528,식단계정소통,6
3976,유지어터식단,6
570,장염,6
1797,한식,6
924,허리디스크,6
574,데이트,6
2477,자살,6
908,지혜,6
889,묵상,6
1002,bookstagram,6
989,건강보조식품,6
1887,followｍe,6
524,다이어트식단계정환영,6
3973,29cm,6
878,자립,6
3909,차가버섯추출분말,6
880,보호종료아동을위한커뮤니티케어센터,6
14,ifa,6
64,눈,6
1177,bodybuilding,6
1882,맛있다,6
10,ga,6
1226,바다,6
386,일식,6
2367,다이어트운동,6
215,야채주스,6
432,파이팅,6
434,운동중,6
3063,군것질,6
1536,계란,6
435,팔로우반사,6
2604,티타임,6
2065,면역,6
2023,키토제닉,6
2020,가정식,6
747,이태원,6
4053,천연감기약,6
4211,면역력에좋은음식,6
866,런스타그램,6
1593,명절선물,6
546,자취스타그램,6
4221,재활필라테스,6
1617,건강음료,6
429,유튜브,6
1510,아기주스,6
3999,건기식,6
395,goodmorning,6
1139,농사,6
1138,집,6
2397,유사나,6
372,한약,6
1397,좋반테러,6
1103,고양이,6
640,먹방스타그램,6
2140,다이어트식,6
708,건강도시락,6
397,맞팔하면선팔,6
2131,그로우커넥트,6
633,사이클,6
337,인생샷,6
2802,긍정에너지,6
694,즘마,6
311,homecook,6
1150,여성,6
231,러너,6
1672,선물그램,6
4265,면역력개선,6
2974,다이어트자극사진,6
4262,젊음의비결,6
584,파이진글로벌,6
4261,식후땡,6
3447,호주,6
2259,크릴오일,6
830,홈카페,6
850,타르트,6
828,플레이팅,6
1670,아토피,6
3980,1일1풀,6
2466,레크레이션,6
840,마카롱,6
177,현대백화점,6
3461,당뇨,6
2268,캐나다비타민,6
164,킴스클럽,6
601,기록,6
174,롯데마트,6
175,uspecans,6
1707,ad,6
2589,영화,6
859,좋은재료,6
1920,스포츠모델,6
1398,pt문의,5
2123,내가이겨,5
1693,휘트니스,5
3633,스포츠리서치크릴오일,5
1929,instadaily,5
990,말씀,5
3477,휴식,5
2146,직장인다이어터,5
3900,모자쓸꺼니깐양갈래도괜츈하즁,5
3902,내나이37쨜,5
1925,체대생,5
3901,한창피곤할나이,5
3543,다이어트영양제,5
1484,답례품,5
3895,수상레져,5
3892,존맛탱,5
3891,꿀모닝입니다,5
3893,fashion,5
3536,파마넥스,5
1589,원기회복,5
3440,어깨운동,5
2458,koreanfood,5
3265,아이허브추천,5
3866,개인레슨,5
2197,혈액순환,5
1154,happiness,5
3279,비타민c컴플렉스,5
3761,광주,5
3897,아침엔_면역플러스,5
3753,첨단,5
1214,운동복,5
3486,신바이오틱스,5
2265,토론토일상,5
3894,원스키,5
3974,맘마,5
696,바디,5
3970,한의원,5
4214,부부필라테스,5
4122,에브리데이플러스,5
4038,흑마늘즙,5
252,레몬,5
2563,canada,5
49,저탄수,5
2958,울산,5
60,주의,5
61,가족,5
599,좋튀,5
72,요가하는여자,5
162,초콜렛피칸파이데이,5
159,건강검진,5
88,unicitykorea,5
89,unicity,5
90,이너뷰티컨설팅,5
94,nellness,5
4264,면역력관리,5
96,건강컨설턴트,5
4266,허벌라이프효과,5
2977,selstagram,5
271,바나나,5
2749,비타민a컴플렉스,5
471,파워리프팅,5
704,여름준비,5
3977,풀마루오가닉,5
263,데드리프트,5
3907,순삭품절템,5
3919,매일먹자,5
4355,꿀,5
4228,듀엣필라테스,5
4340,호주직배송,5
7,프라임에셋,5
3910,육아엔체력,5
3906,면역력강화필수템,5
3250,섬투어,5
3912,육아체력,5
3913,아무맛안나요,5
3915,pb서포터즈,5
377,건강차,5
3172,미국맘,5
920,어린이,5
3923,차가버섯리퀴드,5
2909,연금,4
2060,임산부양양제,4
1993,무뼈족발,4
1994,메뉴,4
2904,2인가구,4
1995,고지방,4
2063,베러데이,4
2062,비타민디,4
2061,뼈,4
3102,salvador,4
2910,상인동,4
3103,like4likes,4
3106,브라질,4
3107,밤,4
2059,뼈건강,4
2915,공환이,4
3398,새벽독서,4
3399,계통독서,4
2064,회사,4
2914,배상,4
2066,만성피로,4
1992,ketogenic,4
3105,시원하고,4
2911,청구,4
2072,광합성,4
2912,보험금,4
2076,닭가슴살요리,4
2907,저축,4
2071,학생,4
1991,케토,4
2070,직장인영양제,4
2078,선팔하면맞팔가요,4
2079,오늘도화이팅💪🏻,4
2069,베라데이비타민d,4
3400,행복추구권,4
2080,복근나와라,4
2913,focus지사,4
2905,보험금청구센터,4
2067,vitamin,4
1998,엉클앤파파,4
2931,오직돌파,4
3401,파주,4
2922,혼런,4
2923,운동붐,4
2924,모두이겨내자,4
2925,strava,4
2016,공존,4
2015,사지말고입양하세요,4
2014,반고등어,4
2012,나니,4
2011,보니,4
2010,아푸지말자,4
2009,타니,4
2008,삼색이,4
2007,턱시도,4
2926,전우덕분에,4
2927,스트라바,4
2005,소중한생명을지켜주세요,4
2004,시원해,4
2003,캘리테라피스트,4
2928,코로나19극복,4
2002,반은연작가,4
3420,석류음료,4
3419,석류,4
1999,lchf,4
3418,건강하게,4
3402,할인코드,4
3403,준짐,4
2930,일일1런,4
3404,준짐문산점,4
3405,미트리닭가슴살,4
2916,월급,4
2000,저탄고지,4
2917,도움주는사람,4
2918,노후,4
3408,칼로리몬스터,4
3409,보충제,4
3410,탈출,4
3411,스페인산석류,4
3412,참진한석류100,4
2083,사랑하는가족,4
3414,석류즙,4
2919,자산,4
2920,상담관리,4
2921,나이키앱,4
3108,soteropolitanos,4
2488,핫플레이스,4
2085,생명보험,4
2854,ariixkorea,4
2843,간단,4
2845,nutrifii,4
2846,간편하게,4
3386,가쓰남,4
2847,건강챙기는강여사,4
2848,해독합니다,4
2849,심플해독,4
2850,sfg,4
2851,아침습관,4
2852,딱1분,4
2855,공복물한잔,4
2842,36가지,4
3387,직장학교,4
2857,롯데리아,4
3389,삼삼한날,4
2859,티렉스버거,4
3390,기업교육,4
3391,새벽기상,4
2860,reduceterian,4
3392,빅커리어,4
2861,healthynurition,4
2119,jogon,4
3385,재무제표,4
3384,03시03분,4
2863,nutritiontip,4
2835,자산관리사,4
2152,건강한맛,4
2151,산삼,4
2828,절대적,4
2150,공도,4
3375,기지포,4
2829,공평,4
3376,4,4
2831,객관적,4
2832,강의,4
2834,orangelife,4
2836,전진만,4
3383,3시두번만나기,4
2838,프리미어fc,4
3377,무인측정,4
2839,재무상담사,4
3378,태안해안💖,4
2840,신한금융그룹,4
2841,premierfc,4
3379,3p독서,4
3380,건부메,4
3381,3p바인더,4
3382,건강한부자메신저,4
2862,healthymotivation,4
2116,체인지러너스,4
2086,보장분석,4
2886,체육관,4
2877,unadm,4
2878,dieta,4
2879,nutritivo,4
2880,phytonutrients,4
2881,oms,4
2882,nutricao,4
2883,sain,4
2884,영양사그램,4
2885,nutrição,4
3099,didcovernuskinnow,4
2887,nutri,4
2093,몸,4
2888,nutritionniste,4
2889,santé,4
3114,바이아,4
3111,친스타그램,4
3110,사우바도르,4
2090,간병인보험,4
2089,소망,4
3109,follow4backfollowback,4
2088,간병치매보험,4
3395,코어리딩,4
2876,salud,4
2094,치아보험,4
2864,healthychoices,4
2106,noodles,4
3393,uscpa,4
2113,페스토,4
2865,lunch,4
3394,박이언,4
2110,갈릭,4
2866,choosehealthy,4
2109,garlicbread,4
2868,healthylife,4
2108,엘에이,4
2107,pasta,4
2105,cheeselover,4
2095,유병자보험,4
2104,치즈,4
2103,burrata,4
2102,italian,4
2870,healthyfoods,4
2871,저칼로리,4
2099,암보험,4
2875,régime,4
2098,자동차보험,4
2097,프라임에셋33본부,4
2096,운전자보험,4
1990,고지저탄,4
1976,냉난방기청소,4
1989,키토족발,4
3003,크로스핏세다,4
3472,앵무새,4
3473,살찌는소리,4
3005,문래동크로스핏,4
3006,당산동크로스핏,4
3007,영등포피티,4
3008,코리아스트렝스,4
1885,일상기록,4
3009,치팅금지,4
3010,다시어트,4
3012,칼식단,4
3014,할수있다,4
3016,대회준비,4
3478,심리,4
3022,가슴운동,4
3479,락토바실러스애시도필러스,4
3480,이름,4
3482,좋아서하는일,4
3025,인도어사이클,4
3483,직업,4
3026,산문,4
3485,일형당뇨인퍼스널트레이너스포츠영양코치홍아,4
3004,영등포크로스핏,4
3002,7윌,4
3487,비피도박테리움,4
3469,관산읍술집,4
3450,australia,4
2995,영등포구청피티,4
3451,제발신호등파란불기다리는데옆에바짝붙지말아요,4
3452,조금긴장되잖아요,4
3453,socialdistancing,4
3454,근육욕심내지말고,4
3455,혈관건강,4
3456,검진,4
2996,그룹트레이닝,4
3457,속상,4
3458,양파껍질물,4
3459,식탐왕,4
2997,당산동피티,4
3081,새벽감성,4
3462,힘들어어째,4
3463,건강합시다,4
3467,짜장면,4
2999,문래동피티,4
3468,연남동술집,4
3000,당산동헬스,4
3001,문래동헬스,4
3027,원주스피닝,4
1866,승모근,4
3098,프리워크아웃,4
3038,산행,4
1846,코덕,4
1845,림프마사지,4
1844,라돌체뷰티,4
3489,비타민직구,4
3078,새벽시장,4
3076,제로웨이스트,4
3075,살림,4
3074,정리정돈,4
3072,olives,4
3068,acquiredtaste,4
3066,greek,4
3056,아름다운꽃,4
3057,살기좋은,4
3058,자연식물,4
3059,기분,4
1833,울산여성병원,4
3061,snack,4
1831,임산부운동,4
1830,임산부건강,4
1829,임산부운동시기,4
1828,울산산부인과,4
1847,재생크림,4
1848,붓기빼기,4
1865,라돌체비타,4
3036,야구,4
1864,꿀광,4
1863,수분크림,4
1862,예민피부,4
1861,세럼,4
1860,홍조,4
3029,수필,4
1859,뷰티공구,4
1858,림프순환,4
1857,화장품덕후,4
3030,자동차,4
1856,화장품전문가,4
3031,태권도,4
3032,실내사이클,4
1854,매직크림은과학,4
3033,원주운동,4
3034,원주시,4
1853,에센스,4
1852,영양크림,4
1851,피부진정,4
3488,sportsnutrition,4
1849,물광,4
2994,영등포구청크로스핏,4
1915,마사지,4
3449,jeep,4
3087,간수치,4
1968,에어컨세척,4
3445,웃어요,4
1966,에어컨관리,4
3085,알뜰살뜰,4
1965,광명,4
1964,냉난방기,4
2952,자세교정,4
1963,에어컨분해청소,4
3084,어제사진주의,4
2954,11자복근,4
3446,sydney,4
1961,냉난방기세척,4
1960,매립덕트청소,4
2955,필라테스맛집,4
2956,map,4
1958,coreplus,4
1957,에어컨,4
2957,mobile,4
1956,에어컨청소,4
1955,f45hannam,4
2959,필라중독,4
3086,지방간,4
1969,에어컨청소업체,4
1917,피지크,4
3090,정말,4
3096,티알고,4
3095,jasmineshealthylife,4
1986,초딩,4
1985,우정사진,4
1984,딸바보,4
3444,루테인,4
3094,안떨어지네,4
3093,검사,4
3092,지겹다,4
1981,추억사진,4
1980,친구네,4
1979,친구네집,4
1978,귀요미,4
1977,2학년,4
2827,편안함,4
1975,덕트,4
1974,경기인천에어컨청소,4
1973,매립덕트,4
1972,천장형에어컨,4
1971,무풍에어컨,4
1970,코어플러스,4
2960,재활트레이닝,4
1952,슬기로운동생활,4
1951,한남동,4
2961,잘가르치는필라테스,4
1934,soccerplayer,4
2981,대한민국꿈대표,4
1933,playground,4
2983,켈리최,4
1932,soccer,4
1931,안산,4
2984,푸쉬업,4
2985,바디빌딩,4
2986,김승호,4
2987,생각의비밀,4
1927,체대,4
1926,football,4
2988,shredded,4
1924,축구스타그램,4
1923,축구,4
1922,스포츠마케터,4
2989,pushup,4
2990,squat,4
3082,미니머라이프,4
1919,다부짐,4
2992,영등포헬스,4
1935,마케터,4
1936,epl,4
2980,얼태기,4
2969,모던필라테스울산,4
2963,모던필라테스울산점,4
1949,몸무게변화,4
2964,아름답다,4
1947,몸무게기록,4
1946,공복몸무게,4
2965,복부운동,4
2966,울산삼산필라테스,4
3083,엄마,4
2968,코어운동,4
2970,코스메틱,4
1937,marketing,4
2971,광교,4
2972,리마인드웨딩촬영,4
2973,인계동,4
2975,selca,4
2976,동탄,4
1942,야식금지,4
2978,리마인드,4
2979,첫줄좋반,4
1938,likeforfollow,4
3374,태안반도,4
2822,아침헬스,4
2826,하버드,4
2654,reading,4
2648,도서,4
2403,1일1세바시,4
2402,헬스팩,4
2650,healthbooks,4
2401,영양보충,4
2400,화이버지플러스,4
2399,전달,4
2651,books,4
3185,다운독프로그램,4
2653,도서구입,4
2396,나는성장중,4
2405,진정으로행복한부자되는길,4
3289,뷰맛집,4
3291,3일차,4
2392,시흥헬스,4
2391,줌바,4
2655,booksphotography,4
2656,근육운동가이드,4
2390,은계,4
2389,amg,4
2388,기구필라,4
2387,에이엠지,4
2404,usanalifestory,4
2406,낸시홈짐,4
2385,24시amg휘트니스,4
2418,뉴트리밀,4
3191,맘👩🏻요가,4
3188,모닝요가,4
3187,호흡,4
2642,빵,4
2643,다이어트빵,4
2420,viva,4
2419,행복충전,4
2644,노밀가루,4
2645,글루텐프리,4
2646,와이즈헬씨다,4
2647,헬스의정석,4
2407,낸시12분스트레칭,4
2417,아침독서📚,4
2416,한우물,4
2415,식이섬유,4
2414,찬물샤워,4
3288,태닝샵,4
2412,다이어리쓰기📒,4
2411,건강적립,4
2410,꾸답,4
2409,작은습관,4
2408,마음충전,4
2386,은계헬스,4
2384,24시,4
2421,충북혁신도시,4
3302,1일차,4
3292,섭지코지,4
3293,레일바이크🛤,4
3294,반려동물가능,4
3295,2일차,4
3296,곽지해수욕장,4
3297,녹두,4
3298,성산일출봉,4
3299,제주도가족여행💕,4
3300,드라마2015애월빵공장,4
3301,야외펫존,4
3303,소스가예술,4
2368,함께해요,4
3304,만끽,4
3305,존맛,4
3306,실버클라우드호🛳,4
3307,귀가길,4
3308,신선야채가득,4
3310,4일차,4
3311,배타고🛳,4
3313,빵맛집,4
3176,charmant_beautique,4
3314,hikingadventures,4
3177,usa,4
2369,일끝나고헬스,4
2657,보디웨이트,4
2380,예뻐지는습관,4
2681,약사추천템,4
2682,콜라보,4
2683,질유산균,4
2684,브라우니,4
2685,피쉬콜라겐,4
2686,나눔이벤트,4
2687,은행엽엑스,4
3182,공원,4
2692,삼분할,4
2381,요가복추천,4
2693,일스타그램,4
3178,모둠베리,4
2378,아우어마켓,4
2694,곤약밥,4
3181,샤르망plus,4
2375,레깅스코디,4
2374,요가스타그램,4
2373,레깅스코디룩,4
3180,한국제품,4
2372,애슬레져룩,4
3179,미국배송,4
2370,아가리다이어터,4
3192,트위스트,4
3200,yoga,4
3373,기지포해수욕장,4
2557,마스크는필수,4
2544,셀렉스스포츠,4
2546,운동후엔셀렉스스포츠,4
2548,아침조깅,4
2549,productoftheusa,4
2550,피카니🔸,4
2551,피칸파이데이🔸,4
2552,미국피칸협회🔸,4
2553,견과류의여왕🔸,4
2554,toronto,4
2555,mkmktravel,4
2558,정보공유,4
2541,내서읍중리,4
2559,몸과마음이건강한것이,4
2561,vancouver,4
2562,edmonton,4
2564,calgary,4
3264,dieter,4
2565,victoria,4
2570,미국간호사,4
2571,macros,4
2572,밤근무간호사,4
2573,transformation,4
2543,40대화이팅,4
2540,헬스그램,4
3274,더위사냥,4
2495,제주도헬스,4
2489,자유,4
2486,취업인스타그램,4
2485,성과,4
2483,좋은직장,4
2482,직원채용,4
3263,follow4follow,4
2490,입사문의,4
2491,보험회사,4
2492,서킷트레이닝,4
2494,제주시,4
2496,사람휘트니스,4
2539,30대,4
2498,제주시헬스,4
2499,제주헬스,4
2500,교정,4
2501,제주pt,4
2517,영화배우,4
2518,배우,4
2519,밸런스,4
2522,연세스포츠재활센터,4
2530,시내버스,4
2532,파업,4
2574,힐링식단,4
2576,stayfit,4
3204,건강커플,4
2430,꾸준함,4
2440,언더아머,4
2439,의정부크로스핏,4
3213,dancecouple,4
2438,역도,4
2437,위드짐크로스핏,4
2436,크린이,4
3212,헬스남,4
2434,나이키,4
2433,리복,4
2431,배드민턴,4
3211,헬스녀,4
3214,foreveryoung,4
3210,traintogether,4
3286,헬씨베이비,4
3209,anytimefitness,4
3207,운동커플,4
3206,fitas,4
2427,장마철,4
2425,진천,4
2424,배드민턴장,4
3205,coupleswholifttogether,4
2422,좋은아침,4
2441,위드짐,4
2443,crossfit,4
3275,맨몸운동,4
3225,fitcouple,4
2578,meals,4
2579,밤근무건강찾기,4
2580,nightshiftrn,4
2581,koreanrn,4
2582,단탄지,4
2583,nightshifthealth,4
2585,eatingdisorderrecovery,4
3276,더운여름,4
3227,aftertraining,4
3226,flashbackfriday,4
3224,몸짱커플,4
3284,다노샵,4
3223,healthycouple,4
3222,alwaystogether,4
3221,kitecouple,4
3220,호주커플,4
3218,gymfreak,4
3217,남친,4
3215,fitstagram,4
3280,주말데이트,4
3281,단백질맛집,4
3283,팬케이크,4
3175,버지니아,4
3315,bedifferent,4
3316,befree,4
2200,kb건강보험,4
2209,매트운동,4
2208,fitnessmodel,4
2207,hip,4
2206,workoutmotivation,4
2783,시골흔한풍경,4
2205,fitnessgirl,4
2204,fitnessmotivation,4
2203,bootyworkout,4
2202,운동영상,4
2201,kb손보,4
2199,물한잔,4
2212,흑석동,4
2198,변비예방,4
2785,장마끝,4
2786,내일날씨,4
3152,vaneats,4
2196,물효능,4
2195,kb건강보험과건강하게사는이야기,4
2788,비내리는날,4
2194,방앗간딸래미,4
2193,미숫가루맛집,4
2192,참기름맛집,4
2211,노량진맛집,4
2213,여의도abc주스,4
2190,모닝블미,4
2223,노량진abc주스,4
2769,초록기운,4
2770,전통식품,4
2771,가볼만한곳,4
2772,청년농부,4
2773,전주한옥마을,4
2774,커피한잔의여유,4
2775,청량함,4
2776,아름다운시티길,4
2777,happyday,4
2224,상도동abc주스,4
2778,정산맛깔된장,4
2214,노량진,4
3154,대학생다이어터,4
2222,동작구,4
2221,대방동abc주스,4
2220,여의도,4
2219,당근,4
2218,예약,4
2780,여름을느끼다,4
2781,정산식품,4
2782,유적지,4
2215,주스,4
2191,블랙미숫가루,4
2189,대풍년방앗간,4
3317,가는길,4
2161,텍티컬큐브벨트,4
2817,7월챌린지_으니,4
2168,역도벨트,4
2167,인생벨트,4
2166,specialorder,4
2165,트레이닝벨트,4
2818,신천산책,4
2164,장인정신,4
2163,이론적성찰,4
2819,복근만들기,4
2162,전문가,4
2820,할뚜이따,4
2169,fitnedemotivation,4
2821,일상기록📷,4
2487,해외여행,4
2823,갤럭시워치액티브2,4
2824,아이스크림,4
2159,텍티컬큐브,4
2158,physiclfitness,4
2157,피드백,4
3372,avocado,4
2825,소프트아이스크림,4
2155,건강한돼지,4
2816,건강습관,4
2815,으니운덩,4
3151,새싹보리효능,4
2179,잘먹었습니다,4
3148,캐나다직구,4
2187,블미,4
3147,골다공증,4
2185,모닝,4
3146,코랄칼슘,4
2184,구미대풍년방앗간,4
3145,유기산칼슘,4
2182,dietergam,4
2181,수육,4
2180,맛저,4
2178,맛나다,4
2170,초심,4
2176,냠냠,4
2175,두딸맘,4
2174,flex,4
2173,리프팅벨트,4
3144,캐나다건강식품,4
3371,mealprep,4
2811,운동스타그램💪🏻,4
2171,텍티컬,4
2812,7월챌린지,4
2813,다이어트식단관리,4
2768,하늘풍경,4
2767,내려놓기,4
3155,소정_식단,4
2305,여성질환한의원,4
2727,프로바이오틱,4
2728,이눌린,4
2729,전통,4
2730,유해균,4
2311,저녁식단,4
2310,고도비만다이어터,4
2309,아침밥,4
2308,고도비만,4
2307,고도비만다이어트,4
2306,점심식단,4
2304,생리불순보약,4
2724,커튼,4
2303,월경통,4
2302,역삼동한의원,4
2301,본태한의원,4
2300,근본치료,4
3327,canonphotographers,4
2298,생리통,4
2297,가치추구,4
2731,bb,4
2296,밀레니얼,4
2295,롱런회사,4
2725,창문풍경,4
2720,창문,4
2764,금강변,4
2329,이린밥상,4
3318,fitnesslifestyle,4
3174,전지역배송가능🚚,4
3319,portraitphotography,4
3320,hikingphotography,4
3321,portrait,4
3322,naturephotography,4
3323,outdoorphotography,4
3325,캠핑,4
2332,된장찌개,4
3173,샤르망_뷰띠끄,4
3171,동부맘,4
3161,5amclub,4
2327,blueraz,4
3170,홈케어관리,4
3169,人間関係,4
3168,해빙,4
3166,miraclemorning,4
3165,名言,4
3164,運動,4
2717,지니식단,4
2320,bsn,4
2718,세리박스,4
2294,군산수송동암웨이,4
2293,무형자산,4
2732,비피도박테리움아니말라스,4
2236,흑임자,4
2742,100억유산균,4
2743,덴마크,4
2745,샐러드지만반찬처럼,4
2756,아르기닌,4
2757,라엘드림,4
2242,협재,4
2241,제주맛집추천,4
2240,협재밥집,4
2239,홍삼진갱,4
2238,협재밀,4
2760,심플하게산다,4
2733,3세대,4
2761,버리기,4
2235,양갱,4
2233,애터미,4
2232,흑석동abc주스,4
2230,노량진주스,4
2229,동작구abc주스,4
2762,공주시주부,4
2227,달콤상점,4
2226,상도동,4
2763,공주시,4
2741,유사나_김명현,4
3341,야식,4
3340,연애,4
3339,ㅎㅎㅎ,4
2291,네트워크,4
2734,락토바실러스,4
2289,나눔,4
2288,성공리부트,4
2735,크리스찬,4
2287,행복의척도,4
2737,150년,4
2286,10코아,4
2738,lgg,4
3328,fitnesslife,4
2284,도파민,4
2283,상속,4
3329,등산그램,4
2281,더불어사는자본주의,4
3330,맥주,4
2740,변비해결,4
3332,재미,4
3333,커플,4
3334,쏙,4
3335,ㅋㅋㅋ,4
3336,노래,4
1826,울산출산산부인과,4
3585,메이크업,4
1064,클렌즈주스,4
1025,생리,4
3783,마포구청역,4
1041,장비,4
1039,전문센터,4
1038,리플렛,4
1036,한약맛집,4
1035,한약스타그램,4
1034,생리불순에좋은음식,4
1033,서초동인애한의원,4
3784,케이불스휘트니스,4
1028,인애한의원강남점,4
1026,한방치료,4
1024,강남인애한의원,4
980,graphicdesign,4
1023,한방면역치료,4
1022,언니네한방tv,4
1021,생리불순원인,4
3868,비만,4
1004,인싸,4
3905,업그레이드신제품으로발송됩니다,4
986,체지방감소,4
985,이너스핑크,4
984,illustrator,4
983,일러스트,4
982,draw,4
3782,마포피티,4
1052,리뉴얼,4
1057,일상을여행처럼,4
1062,로푸드스무디,4
1109,오늘도산책,4
1108,비자림,4
1102,가드닝,4
1094,요리스타그램,4
1090,레시피,4
1089,sandwich,4
1086,서울우유,4
1085,우유,4
1084,감동우유,4
1081,계룡대,4
1078,계룡맘,4
1077,금암,4
1076,식혜맛집,4
1075,계룡,4
1074,맘카페,4
1073,해밀카페,4
1072,보틀우유,4
1071,식혜,4
1069,택배,4
1067,계룡맛집,4
1066,세종,4
1065,청주,4
1063,엄사,4
981,design,4
979,veggie,4
1112,제주산책,4
853,무화과,4
873,s타월,4
872,육상,4
871,에스타월,4
869,trailrunning,4
868,sprinter,4
865,트레일러닝,4
863,스포츠타월,4
860,야외활동,4
856,정성듬뿍,4
855,케익,4
854,바른디저트,4
852,영양듬뿍,4
978,ipad,4
849,주문예약,4
848,당근케이크,4
847,무화과타르트,4
846,호두타르트,4
845,치즈케이크,4
844,단체예약,4
842,호두피칸타르트,4
839,베이킹,4
837,후식,4
833,비건빵집,4
832,비건빵택배,4
874,일회용쿨링샤워,4
875,물없이샤워가능,4
882,럽스타그램❣,4
937,카페인대신비타500,4
976,아이패드드로잉,4
975,그림스타그램,4
974,일러스트레이터,4
972,야채,4
971,artistsoninstagram,4
970,귀여운,4
969,ilustrstion,4
968,캐릭터,4
967,아이패드그림,4
964,캐릭터디자인,4
961,drawing,4
960,귀여워,4
951,utop,4
950,product,4
3908,육퇴는먹는건가요,4
948,유니시티코리아,4
947,호흡기,4
945,결핵협회,4
944,결핵,4
943,후유증,4
942,기부,4
939,비타오백,4
938,비타500,4
1111,여행에미치다_제주,4
1113,아이폰,4
826,비건스콘,4
1233,dolomiti,4
1244,내편,4
1243,친구들,4
1242,친구스타그램,4
1241,럭셔리,4
1240,세데아,4
1239,유네스코,4
1238,enrosadira,4
1237,알카리수,4
3661,다이어트소통환영,4
1235,고퀄리티,4
1234,cedea_trip,4
3662,먹으면서살빼기,4
1217,워터레깅스,4
1231,고급,4
1230,돌로미티,4
1229,악세사리,4
1228,서핑,4
1227,비키니모델,4
1225,야외태닝,4
3663,방탄커피다이어트,4
3664,tr90다이어트,4
1222,귀걸이,4
1221,서핑복,4
1220,액티브웨어,4
1245,내몸,4
1246,엘레강스,4
1247,cedea_water,4
1249,알프스,4
1279,괌스타그램,4
1278,anotherday,4
1277,괌,4
3643,의식주,4
1275,건강하게살아보기,4
1274,guamlife,4
1273,guam,4
3644,용달차,4
3645,이사비용,4
3646,듀벨,4
3647,민원제기,4
3650,4대강,4
3651,녹조라떼,4
3652,환경부,4
3653,닥터피엘,4
3654,공부,4
3655,셀레늄,4
3656,더블엑스,4
3657,공부스타그램,4
3659,뉴트리,4
3660,바지락,4
1251,생수,4
1250,cedea_friends,4
1219,양양,4
1216,호캉스,4
1114,제주숲길,4
1131,pescovegetarianism,4
1179,운동후백반,4
1178,힘을내,4
1175,양구,4
1174,농구선수,4
1173,농구스타그램,4
1172,언팔금지,4
1170,bodybuildingismylif,4
1169,머슬,4
1168,강병현,4
1134,자연식물식,4
1133,farmer,4
1128,하루한끼샐러드,4
1215,강릉,4
1127,텃밭,4
1126,묵은지,4
1124,채식지향,4
1123,샐러드레시피,4
1121,brunch,4
1120,김치찜,4
1119,쯔유김치찜,4
1118,샐러드그램,4
1117,가지김치말이,4
1116,숲길산책,4
1115,아이폰11,4
1180,아침충전,4
1181,덩키킥,4
1182,웨이트하는여자,4
1183,득근,4
1213,태닝,4
1212,태닝비키니,4
1211,수영장,4
1210,레깅스,4
3665,방탄커피,4
1208,서울근교카페,4
1207,밀크티맛집,4
1206,코리안밀크티,4
3666,관리스타그램,4
1204,연천카페,4
1202,cafe,4
1201,서울근교여행,4
1200,서울근교나들이,4
1199,데이트코스,4
1197,카페추천,4
1194,임진강,4
1193,줄이기,4
1192,젊은데,4
1190,푸른세상안과,4
1188,포도염,4
1187,아직,4
1186,하체운동하는날,4
1185,늦잠,4
831,스콘맛집,4
825,스콘,4
1282,또하루가가고,4
4090,진해정관장,4
4079,고등학생면역력,4
4080,홍삼배달,4
4081,무료택배,4
4082,정관장아이패스,4
4083,면역력식품,4
4084,아이건강기능식품,4
4085,정관장할인,4
4086,정관장홍삼정,4
4087,어르신선물,4
4088,고등학생건강기능식품,4
4089,송학정관장,4
4091,클린,4
4107,네트워커,4
4092,앰브로토스라이프,4
4093,gl그룹,4
4094,사업비전,4
4095,강동역,4
4097,플랜b,4
4098,글리코영양소,4
4099,네트워크마케팅,4
4100,비전,4
4102,당영양소,4
4103,서울홈미팅,4
4104,글로벌리더스그룹,4
4078,홍삼배송,4
4077,아이홍삼,4
4076,건강챙기기,4
461,슬릭마켓,4
517,불가능은없다,4
516,배우바보,4
515,연예인매니저,4
513,책임,4
511,일상여유,4
509,같이,4
508,일일일식,4
504,금지,4
499,하자,4
498,일상스타드램,4
497,과식,4
494,먹스타소통,4
493,달동맛집,4
492,초복,4
491,울산맛집,4
490,울산밥집,4
489,울산핫플,4
488,월요병,4
487,밥스타그램,4
485,울산삼계탕,4
484,울산달동맛집,4
481,삼계탕,4
462,힘내자,4
4106,명품그룹,4
4108,자산소득만들기,4
520,체지방감량,4
105,팔로워,4
4235,건강한생활,4
4236,건강한육류,4
4237,유기농식품,4
4238,오메가3많은음식,4
4239,유기농고기,4
4240,균일가기획전,4
4242,오메가3축산물,4
4243,그린그래스,4
4244,오메가3고기,4
4245,무료배송,4
4263,허벌라이프관리,4
98,유니씨티,4
4109,자산소득,4
92,전주유니시티,4
4351,꿀추천,4
4358,야생화꿀,4
4359,아카시아꿀,4
4360,밤꿀,4
4363,꿀선물,4
4367,허니빠,4
4368,꿀템,4
4369,천연꿀,4
4395,임산부필라테스,4
5,포천헬스,4
4232,챙길수있을때더챙기자,4
4231,육아맘그램,4
4227,코어강화,4
4226,커플필라테스,4
4112,보약한병,4
4113,발효홍삼,4
4114,기력보강,4
4116,홍삼쭈쭈베,4
4117,부마대감,4
4119,boomadaegam,4
4120,jujube,4
4123,면플구매하시면추첨해서드립니다🙈🧡,4
4128,골다공증예방,4
4163,배즙,4
4172,선물세트,4
4198,크라이오테라피,4
249,미세먼지,4
4212,근력강화,4
4213,오늘의회원님,4
4215,등촌필라테스,4
4216,마곡필라테스,4
4217,발산역필라테스,4
4219,마곡나루필라테스,4
4220,pilatesstudio,4
4222,발산필라테스,4
4223,마곡역필라테스,4
4225,우장산필라테스,4
518,20년째,4
521,같은직업,4
824,대파스콘,4
740,아이_몽골인_만드는,4
788,니나필라,4
787,옥상필라테스,4
786,야외필라테스,4
785,성수필라테스,4
784,스포테이너,4
769,헬린이그램,4
766,날씬이가되고파,4
765,여자바디프로필준비,4
764,날씬이,4
760,중얼중얼,4
742,야채채움키즈,4
738,아기에게힘이되자,4
664,mom,4
737,아이먹거리,4
736,아기먹거리,4
735,안심먹거리,4
734,남양유업,4
726,일등품질,4
676,간,4
674,힘,4
671,산후기록,4
669,셀,4
668,쩌마룡산후일지,4
667,170cm,4
789,어반필라테스,4
792,그래피티아트,4
793,팀포시즌,4
796,근육미,4
822,대파치즈스콘,4
820,빵택배,4
819,구로,4
818,구로구청,4
817,사회적거리두기,4
816,구로구,4
815,구로구체육회,4
814,온라인체육교실,4
813,반숙,4
812,밀프렙,4
811,클린이팅,4
810,콩샐러드,4
809,여름맛,4
808,키다리아가씨,4
807,강낭콩,4
804,오이,4
803,도시락만들기,4
802,야채샐러드,4
801,드레싱만들기,4
800,샐러드만들기,4
799,점심도시락,4
798,직장인도시락,4
797,제철채소,4
665,임신,4
663,제왕절개후기,4
522,스트레스풀기,4
552,코숏,4
607,훈스타그램,4
603,벗스타그램,4
602,얼스타,4
595,여름맞이,4
592,liketime,4
562,캘리포니아헬스,4
559,센텀시티,4
558,인친환영,4
557,맞팔선팔환영,4
556,코오피,4
555,20대,4
549,커피스타그램,4
660,하리피플,4
548,우리집,4
547,자취생,4
545,건대,4
542,맞팔댓,4
541,감성카페,4
539,일기장,4
538,사경증,4
537,목떨림,4
536,머리떨림,4
535,아닙니다,4
531,노브랜드트리플베리,4
609,피트니스타그램,4
611,me,4
614,새벽출근,4
618,오전운동,4
658,산후다이어트,4
657,baby,4
656,산후72일차,4
654,맛집그램,4
652,소담,4
651,곤드레밥,4
649,먹방그램,4
644,곤드레,4
643,먹방탐방,4
642,원주맛집,4
638,돌솥밥,4
637,cyclist,4
635,indoor,4
631,sphyre,4
630,sports,4
629,roadbike,4
627,근육돼지,4
626,인도어,4
625,워크아웃,4
624,로드바이크,4
623,bicycle,4
620,training,4
619,sport,4
1281,longterm,4
3064,kalamata,4
1625,건강레시피,4
1782,착한건강,4
1780,감기,4
1781,건강은건강할때지키자,4
1572,tr90스타셀럽,4
1571,tr90셀러브리티모집,4
3550,집중력,4
3551,수험생,4
3552,운동전,4
3553,라이딩,4
3554,에너지드링크,4
1563,문화,4
3555,부스트,4
3567,셀프바,4
1784,홍삼젤리,4
3558,iphone8plus,4
3559,vegetable,4
3561,횟집,4
3562,foodgasm,4
1785,셀프선물,4
3563,asianfood,4
3564,콘샐러드,4
1787,로그인홍삼젤리,4
3565,사당,4
1777,로그네이처,4
1776,반려견,4
1573,투잡문의,4
1574,lfl,4
1600,여름철입맛,4
1599,가지국수,4
1597,음식레시피,4
1596,비빔국수,4
1595,삶은달걀,4
1594,장대원,4
3547,화곡,4
1590,왕실비책,4
1588,보양식,4
1587,부모님건강,4
1586,간해독,4
1584,장어진액,4
1583,기력회복,4
1582,갱년기,4
1581,장어즙,4
3548,퇴근,4
1579,크리에이터,4
1578,탄프로젝트,4
1577,바디크리에이터,4
1576,탄,4
1575,tr90셀럽모집,4
3566,yummy,4
1790,로그인홍삼,4
1465,연어사시미,4
1799,营养师,4
1515,귀농,4
1796,colours,4
1514,농부,4
1513,과수원,4
1512,청송,4
1511,사과쟁이부부,4
1798,dietitian,4
1509,미나농원,4
1508,명품,4
1507,남편이랑,4
1800,蔬菜,4
3569,마요네즈,4
3598,자신감,4
3599,비나이더퍼스널지산점,4
3600,낭만,4
1801,레시피북,4
1802,영양사,4
1803,video,4
3618,주짓수,4
1469,사시미,4
1805,아기영양제,4
1467,여름시즌메뉴출시,4
3595,확신,4
1794,颜色,4
1793,韩式,4
3594,무등산💖,4
3570,응돼지야,4
3572,foodpics,4
3573,corn,4
3574,mayonnaise,4
3575,서예지,4
3576,화장품,4
3577,여행해요,4
3578,여수,4
3579,빠질수업는,4
3580,테라,4
3582,냉채치킨👍,4
3583,청하,4
3586,엑스포맛집,4
3587,일상한컷,4
3588,먹빵,4
3589,3,4
3590,수만리,4
3591,장불제💖,4
3592,장불제,4
3593,무등산,4
1792,食谱,4
1601,국수,4
1602,골뱅이국수,4
1603,매콤양념,4
1700,춤,4
1713,튼튼한다리,4
1712,관절영양제품,4
1711,연골영양제품,4
1709,조인트리션뮤코,4
1708,파이토뉴트리,4
1706,치매예방,4
1705,올레디,4
1704,마곡댄스,4
1702,kpop,4
1701,공항동운동,4
1698,방화동연예인,4
1604,장대원네이처키즈,4
1697,마곡,4
3523,언택트,4
1695,마곡운동,4
1694,방송댄스,4
1692,coco,4
1690,커버댄스,4
1689,방화동운동,4
1688,올레디코코,4
1686,kpopdance,4
1685,dance,4
1715,유산균제품,4
1716,약국,4
1717,하하하얼라이언스,4
1718,약사,4
1736,뉴스킨에미친놈,4
1733,쉐이크추천,4
1742,애플워치3,4
1743,급찐급빠,4
1730,체중조절,4
1729,ㅋㅋㅋㅋ,4
1728,쉐이크,4
1727,다이어트쉐이크,4
1726,약국스타그램,4
1725,프로바이오틱스종류,4
1722,채널하하하,4
1721,프로바이오틱스효능,4
1749,완료,4
1750,상남자,4
1751,팔로잉,4
1752,맞팔환영,4
1754,맞팔100,4
1755,맞팔선팔,4
1756,준비,4
1758,맞팔해,4
1720,프로바이오틱스추천,4
1684,다시여기바닷가,4
1683,alreadycoco,4
1682,아이돌댄스,4
1636,검증된거,4
1632,홈플레이팅,4
1630,건강한줄juda,4
1629,juda레시피,4
1628,juda하우스,4
1627,복숭아,4
1626,juda홈까페,4
1624,건강한줄,4
1623,배,4
1622,망고주스,4
1621,과일퓨레,4
1620,망고,4
3544,타바타운동,4
1618,과일즙,4
1614,사과주스,4
1613,아마타임주스,4
1612,사과배,4
3545,강서,4
1610,칠레산,4
1608,신선한,4
1607,아마타임,4
3546,휴무전야,4
1635,난,4
1637,이제,4
1681,임산부간식,4
1639,건강빵,4
3524,팬데믹,4
1677,위즈위드,4
1676,골프그램,4
3525,플랫폼비즈니스,4
3526,언컨택트,4
3527,루미스파,4
3528,ageloc,4
3529,유스스팬3,4
3530,갈바닉,4
3531,디지털플랫폼,4
3532,재택근무,4
3533,디지털노마드,4
3535,1인기업가,4
3537,긱이코노미,4
3540,아이허브5월할인코드,4
3541,아이허브9월할인코드,4
1647,여행가고싶다,4
1646,브이,4
1645,장가계,4
1642,내가,4
1640,안해,4
1466,연어핫플,4
3571,night,4
1464,식사메뉴,4
1321,workoutsmeal,4
3640,보상청구,4
1299,보내기,4
1300,방학생활,4
1301,실천하기,4
1302,2미터,4
1317,womensworkout,4
1318,줄넘기,4
1322,skipping,4
1405,볶음밥,4
1323,homeworkouts,4
1324,koreangirl,4
1325,healthymeal,4
1326,koreanfoods,4
1328,케이소울보울,4
1329,asiangirls,4
1330,헬씨스완,4
1297,손씻기,4
1296,필수,4
1295,신구대학교,4
1292,피하기,4
1403,헬스타그램💪,4
1402,미트리정회원,4
1399,다이렉트,4
3630,채소,4
1809,온가족영양제,4
1384,변비탈출,4
1382,하늘이천둥이,4
1379,광고지만추천,4
1810,초유영양제,4
1812,오후2시이전주문건당일출고,4
1353,한달다이어트,4
3641,필터,4
1289,사회적거리두고,4
1290,여름방학,4
1291,마스크착용,4
1331,eatinghealthier,4
1377,지알엔,4
1375,수면다이어트,4
1343,수완지구레터링케이크,4
1366,약속,4
3635,상하수도,4
3638,관리사무소,4
1363,닥터오앤,4
1362,식사대용식,4
1361,보식습관,4
1360,pilatesinstructor,4
1358,다이어트전후사진,4
1357,헤일리데일리,4
1345,기념일,4
1346,재난지원금사용처,4
1356,올감다이어트,4
1355,헤데,4
3637,사다리차,4
1350,통밀빵,4
1367,확언,4
1368,고혈압,4
1332,단백질식단,4
1369,아침약속,4
3634,국토교통부,4
3639,수질검사,4
1334,식빵,4
1335,likeforlikes,4
1336,수제케잌,4
1337,우리밀베이커리,4
1463,연어,4
1339,쿠키,4
1340,우유생크림,4
1341,광주상생카드,4
1373,하늘이,4
1372,천둥이,4
1371,참자,4
1342,천연발효빵집,4
1370,나쁜콜레스톨,4
1404,헬스식품,4
1287,종강,4
1407,퍼스널,4
1286,안전한,4
1443,열혈준짱,4
1442,력셜곰탱,4
1815,이뮤업,4
1440,헬스스타그램,4
1408,강남pt,4
1437,둘째랑셋째,4
1436,세자매,4
1426,스트레스해소법,4
1814,영양제공구,4
1435,🍀🍀🍀,4
1434,자매스타그램👯,4
1433,아들맘,4
1432,꿈스타그램,4
1431,뉴스킨자매사업가,4
3642,입주시작,4
1444,눈바디하는그날까지,4
1451,a급연어,4
1452,전국22개가맹점,4
1816,임산부영양제,4
1454,프랜차이즈,4
1455,데이트장소,4
1817,대구맘,4
1456,연어맛집,4
1457,초밥,4
1819,아들스타그램,4
1283,guamstagram,4
1821,200730,4
1822,정성을담은수제육포,4
1459,연어로만,4
1461,연어초밥,4
1462,가맹점,4
1427,손목터널중후군,4
1438,아재,4
1351,재구매,4
1417,손목마사지기,4
1419,손목통증,4
1422,회사원,4
1413,눈마사지기,4
1414,직장인스타스램,4
1423,어깨마사지기,4
1416,마사지기,4
1418,레스트휴,4
1411,부산pt,4
4156,도라지즙,3
4151,예비아빠,3
3490,사회적거리유지잊지말아요여러분,3
4150,짤방,3
4121,강남수상레져,3
4336,같은,3
4326,시골밥상,3
4152,육아템,3
3481,하고싶은일,3
3125,흑염소진액,3
4153,배변,3
3122,문경흑염소,3
4154,배도라지청,3
3121,몸챙기기,3
4096,globalleadersgroup,3
4335,우리집이맛집,3
3517,실내운동,3
4337,마누카꿀공구,3
3120,흑염소고기,3
3512,단체샷,3
3133,엄청,3
3127,고기,3
3132,되세요,3
3491,경각심,3
3131,흑염소탕,3
4157,커피대신,3
3471,음봉면술집,3
3510,cruxcrash,3
4148,음식물흡수,3
4118,immunitybooster,3
3495,말타투,3
3129,흑염소엑기스,3
3474,셀피그램,3
3475,짱,3
3509,귀여운타투,3
3484,매일하는일,3
4365,꿀빠는하루,3
4149,유머,3
4331,이집이맛집,3
4147,짤,3
4354,면역력높이기,3
3128,흑염소정육점,3
4111,은자매유산균,3
3507,일산라페스타,3
4332,가지,3
4101,성공시스템,3
4135,밀크씨슬,3
4133,매나테크,3
3476,좋아하는일,3
4344,피부질환,3
4329,8일차,3
4343,마누카꿀550,3
4105,mannatech,3
4342,마누카꿀스틱,3
4341,마누카꿀,3
4132,아이면역력식품,3
4330,날래밥상,3
3515,볼더링,3
3508,액땜,3
4136,쭈쭈베,3
4146,부모,3
4137,육아고민,3
4339,비염,3
4144,슈퍼유산균,3
4143,성장기,3
4142,육아대디,3
3123,흑염소수육,3
4141,육아일상,3
4140,웃짤,3
4327,계란후라이,3
3124,흑염소전골,3
4334,호박잎,3
3513,더클라임일산,3
4139,3세대유산균,3
3516,출석체크,3
4328,한우,3
3514,스포츠클라이밍,3
3077,심플하우스,3
4333,날래엄마표,3
4145,유머스타그램,3
4165,어린이배도라지,3
4325,대상포진,3
4292,성성동,3
4282,한방병원,3
4283,광주도수치료,3
4284,신용동,3
3135,퍼붓네요,3
4285,광주추나치료,3
4286,태권도장,3
3097,discoverthebestyou,3
4287,모종동,3
4224,필라테스루스,3
4288,사계절푸른솔태권도,3
4289,아산,3
4290,최우수도장,3
4291,천안,3
3100,jasmines_healthkeeper,3
4293,최고의도장,3
4229,수요팅,3
3101,bahia,3
4294,솔태권도,3
4218,운동맛집,3
4296,키우기,3
3498,말,3
3499,tattoo,3
3500,minitattoo,3
4208,바이러스예방,3
4297,덕진구,3
3502,미니타투,3
4206,유기농흑마늘진액,3
4298,대추차,3
4299,울산성남동,3
4205,사랑풀풀,3
4281,일곡동,3
4230,프로폴리스,3
4202,회복테라피,3
4269,연제동,3
4260,자색양파즙,3
4259,오미자즙,3
4258,유아식,3
4257,비트즙,3
4256,오미자,3
4255,양파즙,3
4253,오디즙,3
4252,라온파파,3
4251,즙,3
4250,풀마루가닉,3
4249,산후필라테스,3
3496,민트,3
4267,광주한방병원,3
4268,광주비만프로그램,3
4270,인성한방병원,3
4279,면역력치료,3
4241,선서오메가,3
4271,면역관리,3
4272,요양병원,3
4273,광주한의원,3
4274,광주암병원,3
4275,광주자동차사고,3
4276,교통사고병원,3
4233,풀마루자연만을유기농흑마늘진액20,3
3088,약,3
4277,복부다이어트,3
3089,간탱이,3
3497,액땜타투,3
4278,광주암치료,3
3091,매일,3
4203,우울증개선,3
4300,울산한방차,3
4324,엄마표,3
4167,임신선물,3
4178,나노칼슘,3
4177,에이펙셀나노스,3
4175,한국왕칼슘,3
4174,투자,3
3115,정리,3
3116,살고싶어서,3
4173,배도라지,3
3118,흑염소맛집,3
3119,흑염소농장,3
3505,411tattoo,3
4171,목건강,3
4170,배도라지청스틱,3
4169,어린이건강식,3
4168,건강티타임,3
4166,배도라지차,3
4180,나노,3
4164,갠차배도라지스틱,3
3506,부적,3
4162,배도라지스틱,3
4161,목에좋은차,3
4317,빌리브푸드,3
4318,식대용,3
4160,갠차,3
4319,유니베라알로에,3
4320,청양고추다대기,3
4321,고기스타그램,3
4322,치마살,3
4159,센스있는선물,3
4323,꽃등심,3
4158,데일리음료,3
4179,한국칼슘왕,3
4182,로저스홀딩스,3
4302,수제팥빙수,3
3079,주부일상,3
4303,민화,3
4201,선수트레이닝,3
4305,보이차,3
4200,통증완화,3
4306,대사증후군,3
4199,통증클리닉,3
3503,라페스타,3
4197,근피로회복,3
4196,ems렌탈,3
3080,미라클모닝실천중,3
4195,정형외과,3
4307,건강하게다이어트,3
4308,내몸바로알기,3
4309,enzacta,3
4310,엔잭타,3
4183,강골칼슘,3
4194,에스테틱,3
4312,다린이,3
4314,몸짱스타그램,3
4315,생활건강,3
4316,알로에면역다당체,3
4193,골프스타그램,3
4192,발열체크기,3
4191,보디빌더,3
4190,ems트레이닝,3
4189,피트니스스타,3
4187,신경외과,3
4186,리커버리,3
4185,컨디셔닝,3
4184,짐로저스,3
3134,힘들고,3
3344,웃겨,3
3470,황산면술집,3
3136,지치고,3
3615,다이어리,3
3904,놓치지말고꼭데려가세요🙋🏻‍♀️❤️,3
3616,서구,3
3619,다대포,3
3620,mma,3
3269,트레이너에릭,3
3270,다이어트스타그램,3
3271,다이어트스타,3
3272,몸스타,3
3388,3시기상,3
3277,치팅데이,3
3712,아토피치료,3
3282,헬씨,3
3494,사명,3
3703,뉴스킨tr90,3
3621,닥터오엔,3
3285,단백질공화국,3
3622,고투슬림,3
3623,체지방관리,3
3287,허헬씨,3
3702,lh,3
3700,김해pt맛집,3
3699,몸생각,3
3698,급성장염,3
3624,dietstagram,3
3625,헬스하는여자,3
3626,healthstagram,3
3627,dietplan,3
3628,veggies,3
3614,사하구,3
3613,남포동,3
3612,장림,3
3257,thanks,3
3556,대박아이템,3
3557,에너지,3
3978,맞팔후댓글,3
3244,다도해해상,3
3245,유영봉1봉,3
3568,hungry,3
3581,마마무,3
3584,다기야🐥,3
3248,팔영산,3
3975,깨끗한,3
3948,항산화,3
3255,dream,3
3256,포탑패밀리,3
3259,아름다움,3
3611,중구,3
3397,가계부쓰는남자,3
3396,글쓰기,3
3260,tr90쉐이크,3
3261,감사일기,3
3596,용기,3
3597,내몸을작품으로만들다,3
3605,뉴스킨하세요,3
3606,아이폰케이스,3
3607,피부스타그램,3
3608,레슬링,3
3609,장림격투기,3
3610,킥복싱,3
3262,포탑그룹,3
3631,workoutgirl,3
3632,saladsofinstagram,3
3697,내외동필라테스,3
3355,vegandrinks,3
3368,평촌맘,3
3366,유치원동창,3
3365,딸둘,3
3364,대부도펜션타운,3
3363,남매맘,3
3362,아들넷,3
3658,탈모예방,3
3361,초딩맘,3
3360,mealreplacement,3
3359,koreandrink,3
3358,healthydrinks,3
3357,multigrain,3
3356,시카고,3
3354,mealshakes,3
3324,outdooradventures,3
3649,목포,3
3648,녹물,3
3353,아침대용,3
3352,mealreplacementshake,3
3351,미숫가루다이어트,3
3350,misutgaru,3
3349,madeinchicago,3
3337,치킨,3
3338,윙,3
3348,시카고떡집,3
3347,선식,3
3346,미국생활,3
3345,미국일상,3
3326,outdoorportraits,3
3636,바디럽퓨어썸,3
3290,성미가든닭샤브샤브🐔,3
3681,김해필라테스,3
3696,내외동pt맛집,3
3695,김해댄스,3
3693,에이스토탈휘트니스,3
3692,김해헬스,3
3691,내외동골프,3
3690,김해휘트니스,3
3689,셀프조명,3
3688,김해골프,3
3687,asmr,3
3686,내외동헬스,3
3684,워라밸,3
3683,몸살,3
3682,금주선언,3
3680,링거투혼,3
3667,бегунья,3
3679,김해맛집,3
3678,김해pt,3
3677,혼자운동,3
3675,다이어트맞팔,3
3674,53,3
3673,다이어트일지,3
3369,아빠,3
3672,будустройной,3
3671,бег,3
3670,хобби,3
3669,всембег,3
3309,네가좋으면나도좋아💕,3
3312,비옴☔️,3
3979,언팔하면나도언팔,3
3413,건강해,3
3549,까치산,3
4045,아기간식,3
4054,루솔배도라지즙,3
4052,배도라지즙추천,3
3520,클라이밍,3
4050,아기배도라지즙,3
3521,더클라임홍대,3
4049,루솔,3
3522,컨셉샷,3
4048,인천맘소통,3
4047,개띠아기,3
3162,우정,3
3163,quotes,3
3167,인간관계,3
4046,배즙추천,3
4043,유아간식,3
4056,30개월아기,3
4041,육아소통환영,3
4040,몸보신,3
4036,온가족건강식품,3
4035,의성흑마늘,3
4034,흑마늘,3
4033,프리미엄건강식품,3
4032,흑마늘스틱,3
4031,짜먹는흑마늘,3
4029,스마트농법,3
4028,송화,3
4027,안전한먹거리,3
4026,송화버섯,3
4025,송이버섯의,3
4055,루솔진한배도라지즙,3
4057,인천맘,3
3184,집중,3
4073,선팔댓글맞팔,3
3137,연일,3
3139,장마비가,3
3140,오늘도,3
3141,요즈음,3
3142,좋은날,3
3143,탄산칼슘,3
3518,클라이머,3
3466,서창동술집,3
3150,새싹보리,3
3519,더클라임,3
3153,다이어트식단맞팔,3
4075,홍삼몰,3
4074,홍삼효능,3
4072,녹십자,3
4058,황금개띠아기,3
4071,지씨녹십자,3
4070,건강한가아연,3
4069,육아맘맞팔환영,3
4068,육아맘맞팔,3
4067,정상적인면역기능,3
4066,동래맘소통,3
4065,건강한가,3
4064,동래맘,3
4063,선팔댓글,3
4062,피로,3
4061,아기아연,3
4060,지씨녹십자건강한가,3
4059,아연추천,3
4024,쫄깃한식감,3
4023,향이나는,3
3423,미용,3
3235,5,3
3994,체력증진,3
3993,식약처인정,3
3992,가족영양제,3
3991,할인,3
3216,mypt,3
3990,활력충전,3
3219,coupleshoot,3
3989,슈퍼푸드,3
3230,유영봉,3
3232,다도해해상💖,3
3986,인스타베이비,3
3985,followforfollow,3
3983,언팔싫어요,3
3439,지나간시간,3
3997,남편건강,3
3981,좋반댓,3
3438,짧은글,3
3436,서귀포사람,3
3435,글배우님,3
3434,멋짐,3
3433,작가,3
3432,탈다이어트,3
3431,밀프랩,3
3430,마음일기,3
3429,유지어트,3
3427,매일운동,3
3426,석류스타그램,3
3425,건강전하는남자,3
3996,페루마카,3
3998,찐찐찐찐찐이야,3
3539,귀염둥이,3
4010,온가족녹용,3
4022,항암효과👍,3
4021,소중한후기,3
4020,정다운농부,3
3343,탐나버거🍔,3
4017,이경제원장님,3
4016,더힘찬녹용,3
3442,나우푸드종합비타민,3
3189,19일차,3
3190,매일인증,3
4015,녹용,3
4014,녹용추천,3
4012,에스피코시즌6,3
4011,이경제녹용,3
3195,초록초록,3
3208,lifepartner,3
3196,604eats,3
4008,홍삼스타그램,3
3198,朝活,3
3199,수퍼푸드,3
4007,상림원,3
3201,감사기도,3
3202,먼슬리프렌즈,3
4006,이든맘짱,3
4004,진세노사이드,3
4003,진짜막차타셔야해용,3
4002,maca,3
4001,비아마카블랙,3
4000,블랙마카,3
3493,이쁘다,3
2255,돈카츠,3
3062,올리브,3
1344,followforlike,3
1298,거리두기,3
1288,대학교,3
1285,project,3
1276,livehealthy,3
1272,해충,3
1271,한샘홈케어,3
1270,미세먼지차단,3
1269,환기,3
1268,먼지,3
1267,자취,3
1266,방충망,3
1265,벌레,3
1264,댓글,3
156,미용학과,3
1260,한샘,3
1258,깔따구,3
1257,심아윤,3
1256,아빠와딸,3
1255,해수욕장,3
1254,드라이브코스,3
157,레몬청,3
1236,워터,3
1232,세계유산,3
1333,통밀바게뜨,3
1348,수완지구맛집,3
219,믹서기,3
1354,헤데마켓,3
1478,샤로수길맛집,3
1477,디저트카페,3
1476,타르트맛집,3
1475,봉천역맛집,3
1474,봉천동맛집,3
147,전주효천지구미용실,3
1472,앙버터큰로와상,3
149,장학생,3
1468,음식으로복음전하는,3
1430,사무실포토존,3
1428,손마사지기,3
1424,레스트휴손마사지기,3
1396,칼맞팔,3
1395,파슬리,3
1393,여자의적,3
151,전주미용실추천,3
1390,신구대,3
152,오정훈헤어갤러리,3
1389,괌생활,3
153,내일봐,3
1386,grn,3
1374,안티스트레스,3
1365,좋은콜레스톨,3
1224,빈티지,3
1223,비키니샵,3
1209,아름답게젖는방충망,3
1205,전곡카페,3
172,nationalpecanpieday,3
1129,카모메샐러드,3
1110,폰카,3
1106,피톤치드,3
1101,하늘,3
1087,일,3
1068,충남,3
179,피카니,3
183,썬저널,3
188,썬모닝운동,3
193,썬이아침,3
197,음식일기,3
203,건강정보꿀팁,3
204,건강뉴스,3
1061,몸튼튼_마음튼튼_건강하게,3
206,healthtips,3
207,착즙효과,3
208,착즙쥬스,3
210,건강정보공유,3
211,야채스무디,3
212,닥터머콜라,3
214,drmercola,3
216,착즙기,3
1137,구독,3
1140,오늘의문장,3
1141,이해,3
1162,힘이쎈트힐,3
1195,milktea,3
1191,챙기기,3
1189,구월동,3
1184,하체,3
1176,musclemania,3
1166,y유산균,3
158,감사한하루,3
1164,family,3
160,피칸파이데이,3
1163,특허유산균,3
1161,쎈트힐,3
1142,노년,3
1160,woman,3
1159,건강지킴이,3
1158,여성유산균추천,3
1152,여성유익균,3
1149,가족선물,3
163,nationalchocolatepecanpieday,3
166,productofusa,3
1145,이마트명일점,3
1144,뜨인돌,3
1143,요양,3
1479,서울대맛집,3
1480,팡도르맛집,3
146,미용인,3
1561,유아동반,3
1659,새참,3
1658,호우주의보,3
1657,축하주,3
1656,막걸리한잔,3
124,휴가중,3
1655,각일병씩,3
1654,전주맛집,3
1653,중국,3
1652,1일1복,3
125,모닝헬스,3
1638,먹고있으니까,3
1631,과일모닝,3
1619,블루베리주스,3
1611,칠레,3
1605,퓨레,3
1592,보약,3
1580,뷰티크리에이터,3
1569,도시재생지원센터,3
1568,고등어구이,3
1567,아이동반,3
1566,튼튼,3
1565,고현,3
1564,도시재생대학,3
1662,객사맛집,3
1663,좋은시,3
1664,건강유의,3
1766,green,3
1827,로즈메디산부인과,3
1823,어피치,3
1820,kakaofriends,3
1791,펫스타그램,3
1774,열일하는,3
1773,더쥬드,3
1771,원치않습니다🤣,3
1770,풀무원,3
1768,kale,3
1767,juice,3
1765,healtyfood,3
1680,이유식,3
1764,celery,3
1759,흐림,3
1748,맞팔댓길,3
1746,애플워치,3
1731,뉴친놈,3
1724,프로바이오틱스제품,3
1719,약사스타그램,3
1710,조인트리션엔글루코사민,3
1703,강서구운동,3
1696,안무,3
1562,외도,3
1560,지심도,3
145,잘쉬고,3
1559,놀러오세요장승포로,3
1531,とろとろ,3
1530,맛있는,3
1529,鶏肉,3
1527,두부,3
1526,japanesefood,3
1525,卵,3
136,꿀맛,3
1523,egg,3
1522,misosoup,3
1521,大戸屋,3
137,전주헤어샵,3
138,이쁜,3
1490,수제간식,3
1489,예쁜카페,3
1488,샤로수길데이트,3
1487,샤로수길카페,3
139,원광보건대학교,3
141,정서,3
142,디자이너,3
143,전주미용실,3
1486,아이들간식,3
1485,힐링카페,3
1483,팡도르,3
129,살려고발버둥,3
1533,豆腐,3
1534,ひじきご飯,3
1548,도시재생,3
1558,청아촌,3
1557,거제도,3
1556,관광,3
1555,청국장,3
128,하체중,3
1553,장승포도시재생현장지원센터,3
1552,도시재생뉴딜,3
1551,장승포항,3
1550,장승포맛집,3
1549,거제맛집,3
1547,거제가볼만한곳,3
1535,美味しい,3
1546,바지락탕,3
1545,장승포,3
1544,옥포,3
1543,얼큰라면,3
1542,tofu,3
1541,優しい味,3
1540,ヘルシー,3
1539,お味噌汁,3
1538,和食,3
1537,晩ご飯,3
217,착즙,3
220,세상에맛있는게너무많아,3
1843,물광피부,3
918,초등학생,3
437,첫줄안녕,3
439,workouts,3
440,식단그램,3
441,만년다이어터,3
444,workoutfit,3
445,workout24,3
446,해산물,3
447,감염성,3
448,대원제약,3
449,청년1인가구,3
450,청년,3
452,청년복지,3
453,해운대블로그,3
454,반려식물,3
456,여가,3
457,퍼스널컬러,3
458,커커커커몬,3
459,2030,3
460,부산시민,3
483,일요일,3
495,정철,3
532,사경증상,3
534,목디스크,3
917,조심조심,3
919,중학생,3
221,건강만하자,3
433,workoutime,3
996,작은책,3
995,독립의오단계,3
994,손그림,3
424,일심동체,3
425,매빅,3
426,부부의세계,3
427,drone,3
988,이너스코리아,3
987,이너스,3
973,ipaddrawing,3
962,art,3
949,김정숙그룹,3
946,대한결핵협회,3
941,취약계층,3
936,펭수,3
934,척추병원,3
933,장난꾸러기,3
931,말뚝박기,3
430,찰떡궁합,3
928,양재,3
926,척추,3
925,척추측만증,3
923,카드뉴스,3
560,커피맛집,3
916,서초,3
573,피엠,3
576,해피바이러스,3
741,안심맘클래스,3
731,과채주스,3
717,샐러드정기배송,3
716,운정맛집,3
715,직장인식사,3
714,회사점심,3
628,cycling,3
713,다이어트샐러드,3
636,cycle,3
711,파주샐러드,3
710,윤식단,3
707,김포맛집,3
706,파주맛집,3
705,윤식단샐러드,3
703,김포샐러드,3
702,운정샐러드,3
701,일산맛집,3
687,노워리즈아르지닌,3
685,반찬,3
684,이니운둥,3
650,먹방투어,3
682,likesforlike,3
662,출산,3
754,비는내리고,3
616,치명적,3
781,착즙음료,3
913,우리아이,3
915,고등학생,3
579,만촌동소아과,3
580,휴진안내,3
582,건강을디자인하는,3
583,최강파이원,3
585,조지혜레드다이아몬드❤,3
587,건강한이유,3
914,딸,3
588,전국구✌,3
589,잡숴봐,3
912,청소년,3
782,다이어트100일차,3
911,참포도나무병원,3
590,아름다움과,3
898,바토스랩,3
834,미쁘다,3
823,치즈스콘,3
821,잇클린,3
791,성수동필라테스,3
790,원데이클래스,3
783,d_13,3
615,니니운둥,3
999,sf가우릴지켜줄거야,3
1000,깃털,3
1001,책소개,3
359,국내산구기자,3
321,필라테스교육,3
322,p,3
323,필라테스선생님,3
324,필라테스매니아,3
327,분당필라테스,3
328,정자동발레,3
329,정자동,3
335,성주군sns서포터즈,3
336,포토존,3
338,성밖숲희망길와숲,3
339,맥문동,3
340,대구근교드라이브,3
341,성밖숲,3
344,성주가볼만한곳,3
345,여행코스추천,3
346,경북성주,3
347,군민중심행복성주,3
348,성주는즐겁다,3
351,꽃밭,3
352,대구근교피크닉,3
355,애들놀기좋은곳,3
356,성주참외,3
357,한방디톡스,3
320,ballet,3
319,필라테스전문교육과정,3
317,정자동필라테스,3
244,헬캉스,3
224,건강이우선,3
227,인척,3
228,기본,3
229,코치사슴,3
234,한강,3
235,스포애니,3
238,운동명언,3
240,헬스명언,3
241,다이어트명언,3
242,피트니스센터의새로운기준,3
245,spoany,3
314,샐러리주스,3
1059,일상을영화처럼,3
1058,terry,3
1050,의료진,3
1049,좋은병원,3
1032,여성한의원,3
3060,푸르싱시한,3
301,oat,3
308,thursday,3
312,protein,3
313,심으뜸,3
358,구기자차,3
360,식수차,3
1003,아싸,3
361,고지베리,3
1020,mountainbiking,3
404,jdk공식지정,3
406,왕십리맛집,3
407,제이디미디어코리아,3
408,맞팔해요우리,3
409,셀카쟁이,3
412,왕십리조개창고,3
413,조개구이,3
417,유튜버,3
419,천생연분,3
420,드론,3
421,인생샷포인트,3
1019,mountainman,3
1018,mountainbike,3
1017,mtb,3
1016,산남자,3
1014,explore,3
1013,야생생활,3
1010,엠티비,3
1009,자전거,3
1008,제이스타그램📚,3
1007,허블,3
1005,북,3
403,에이전시,3
1030,서초인애한의원,3
401,l,3
376,태극인,3
362,도매,3
363,청양구기자,3
364,한방차,3
366,구기자분말,3
368,한방,3
369,고지베리차,3
370,gap,3
373,구기자,3
374,차,3
375,활력차,3
379,자연닮음,3
399,무한리필,3
380,미란다커,3
381,약재,3
382,음기차,3
384,새로운도전,3
385,양식,3
388,자영업자,3
392,도전하는쉐프,3
393,맛집스타그램,3
396,서울데이트,3
398,문의디엠,3
1832,울산동구산부인과,3
1651,장대원네이처플러스,3
1850,트러블피부,3
2299,선정릉역한의원,3
2890,에제르치오,3
2891,nutrición,3
2892,런데이,3
2480,좋은정보,3
2465,직딩주부,3
2464,onthetable,3
2463,쿡스타그램,3
2461,디저트테이블,3
2460,홈메이드,3
2459,쿠킹비바,3
2457,와플,3
2456,크로플,3
2455,고디바,3
2454,afternoontea,3
2453,훈제란,3
2451,파인애플,3
2450,다이어트식단공유,3
2449,20200730,3
2448,딜피아침,3
2869,nutirionplans,3
2856,모아1포,3
2853,아주심플하게,3
2806,함께해요🎶🎵,3
2793,공주시운동,3
2795,건강일기,3
2796,잠숙어트,3
2797,동성로,3
2798,운동하는사람,3
2801,세포하나하나깨우는시간,3
2803,25분요가,3
2804,부지런떠는_강여사,3
2493,사람휘트니스도남점,3
2844,독소,3
2807,아침습관만들기,3
2808,습관만들기프로젝트,3
2809,좋은실천,3
2810,사기계발,3
2814,운동습관,3
2833,인정,3
2481,영업,3
2837,오렌지라이프,3
2447,다이어트간식,3
2445,스윗홈,3
2432,크로스핏터,3
2342,antivirus,3
2350,again,3
2349,water,3
2348,비만탈출,3
2347,upstairs,3
2900,정상체중만들기,3
2640,하루마무리,3
2344,有酸素運動,3
2343,japan,3
2341,aerobic,3
2352,loveyourself,3
2340,cardio,3
2339,fat,3
2338,planks,3
2337,집밥챌린지,3
2336,건강보약,3
2901,나쁜습관버리기,3
2333,이린집밥챌린지,3
2330,이린챌린지,3
2351,selfdevelopment,3
2353,실천하라,3
2429,생거진천,3
2896,긍정다이어터,3
2893,체중,3
2426,noexcuse,3
2413,1일2리딩앤,3
2395,산양산삼,3
2894,체중기록,3
2393,시흥,3
2366,식단기록🍴,3
2365,정수기,3
2897,55kg,3
2354,오늘을,3
2361,고객님,3
2360,습하다,3
2359,소통하는,3
2358,fc,3
2898,매일측정,3
2357,마감에,3
2899,자신감up,3
2355,사업자들과,3
2792,당근의달큰한,3
2791,설사,3
2789,돈까스,3
2606,tealover,3
2616,말린고추,3
2614,고춧가루,3
2613,우엉차,3
2612,해외맘,3
2611,우엉,3
2610,티스타그램,3
2609,다이어트차,3
2607,tea,3
2605,hottea,3
2618,슬로우푸드,3
2603,burdockroot,3
2601,toronto_insta,3
2600,tealove,3
2599,홈쿡스타그램,3
2701,바디프로필식단,3
2702,바프준비,3
2703,바프,3
2598,teaaddict,3
2617,melbourne,3
2619,kimchi,3
2706,뉴트리오메가3,3
2688,경옥고,3
2638,실천,3
2635,컨디션,3
2633,chilli,3
2641,glutenfree,3
2649,instabook,3
2632,슬로우라이프,3
2631,김치,3
2652,인스타북,3
2629,dehydratedfood,3
2620,고추장,3
2628,chillipowder,3
2689,영데이즈,3
2626,sundried,3
2625,redchilli,3
2624,chillipaste,3
2622,slowfood,3
2696,운동하는애둘맘,3
2621,dehydrator,3
2704,푸로틴,3
2596,torontofood,3
2787,완주된장남,3
2746,채식좋아요,3
2516,연극배우,3
2515,어린화가들,3
2719,세리번데이트리플,3
2514,어린음악대,3
2736,유익균,3
2512,아침런,3
2511,부지러너아침달리기7월,3
2744,간단요리,3
2509,나이키런,3
2537,버스,3
2508,런린이,3
2759,운동효과,3
2765,미니멀라이프,3
2507,모닝런,3
2766,걷기효과,3
2497,개인pt,3
2779,완주맛집,3
2784,우산,3
2520,이형철,3
2538,취미생활,3
2707,amway,3
2715,오트밀,3
2708,경남,3
2594,teatime,3
2710,천도복숭아,3
2593,섭식장애극복,3
2592,바디키,3
2591,covid19,3
2711,초이스,3
2713,아몬드,3
2577,미국에서다이어트하기,3
2716,낫또,3
2575,fitfam,3
2568,평생관리,3
2567,만보산책하고파,3
2566,비그만왔으면,3
2560,최고👍,3
2547,더좋은미래를원한다면매순간내면에좋은것을쌓아라,3
2545,garmin,3
2542,경상도남자,3
2902,자존감up,3
2345,everyday,3
2285,암웨이,3
2948,코로나이기자,3
2944,왕자봉,3
2028,나정콘매일리즈갱신식단,3
2945,아침등산,3
2026,현미밥3,3
2025,계란2알🥚🥚,3
2024,수채화,3
2022,목표달성하기,3
2946,기초체력,3
2947,보령,3
2017,가족입니다버리지마세요,3
1914,농심켈로그,3
2013,행복한,3
2006,집사의삶,3
2001,수박,3
1997,ketodiet,3
1987,애교쟁이,3
1983,9살,3
1967,에어컨청소전문,3
1962,팬코일청소,3
1930,liverpool,3
2029,인천필라테스,3
2030,실버무용,3
2031,최지혜전통무용연구소,3
2943,대천,3
2050,간석동,3
2049,한국무용,3
2048,취미무용,3
2047,연기,3
2941,마실,3
2045,송도,3
2044,유아방송댄스,3
2282,온택트,3
2041,인천홀대여,3
2040,인천연습실,3
2039,동아리,3
2038,뮤지컬,3
2037,부평,3
2036,인천요가,3
2035,국악,3
2034,전통무용,3
2033,시간표,3
2942,혼자,3
2032,무용,3
1916,용인수지,3
1912,푸드,3
2052,식중독지수,3
1876,쭈노네_밥상,3
1892,선팔환영,3
1891,followers,3
1890,준비중,3
3041,삼산,3
3042,마인드파워,3
1883,이맛이야,3
1879,골뱅이,3
1877,다이어트는내일부터,3
3043,디데이,3
3044,리듬워크아웃,3
2950,코로나물러가라,3
1875,쿡방,3
3046,스포츠리듬트레이닝,3
1874,골뱅이무침,3
1872,수영,3
3048,비타민b컴플렉스,3
1871,홍삼고르는법,3
3052,ダイエットごはん,3
3053,bibimbap,3
3054,ダイエットメニュー,3
1893,식사대용,3
1894,시리얼바,3
1895,🍓,3
1896,리얼시리얼,3
1911,한끼,3
1910,베리,3
1909,크랜베리아몬드그래놀라,3
1908,프로틴그래놀라,3
1907,크랜베리,3
2953,필라테스그램,3
1905,리얼그래놀라,3
1904,에너지바,3
2967,울산기구필라테스,3
1902,씨리얼,3
2991,생각파워,3
1901,그래놀라,3
1900,시리얼,3
2998,영등포구청헬스,3
3013,밀리터리프레스,3
3017,운동하는습관,3
1899,베리베리,3
1898,켈로그,3
1897,레드베리에너지바,3
2051,발레,3
2043,유아발레,3
2053,식약처,3
2154,자연삼,3
2254,먹스타팔로우,3
2252,대흥역맛집,3
2251,신촌맛집,3
2250,돈카츠윤석,3
2249,먹스타맞팔,3
2248,kb손해보험,3
2247,개띠맘,3
2246,스페셜오더,3
2245,평택,3
2908,열정지사,3
2932,덕분에캠페인,3
2237,호두,3
2933,부추,3
2054,구미시어린이급식관리지원센터,3
2225,해독주스,3
2210,내장지방,3
2177,맛나,3
2935,건강노트,3
2172,피트니스디렉터,3
2256,크릴오메가,3
2257,자미에슨크릴오일,3
2258,건강식품추천,3
2272,자미에슨,3
2280,weighttraining,3
2279,공복에도안보여,3
2278,애플힙,3
2277,복근이를찾습니다,3
2276,꿀벅지,3
2275,복근실종,3
2274,wellness,3
2273,비키니선수,3
2271,크릴오메가추천,3
2260,주말일상,3
2270,건강식품직구,3
2269,크릴오일추천,3
2903,폭식금지,3
2266,자미에슨영양제,3
2264,캐나다비타민구매대행,3
2263,새댁일상,3
2262,캐나다영양제,3
2261,크릴,3
2156,fitnessdirector,3
2231,대방동,3
2153,안성,3
2121,빵디어트11일차,3
2134,친절한홍언니,3
2132,허벌라이프다이어트,3
2129,20대다이어트,3
2126,습관,3
2125,pesto,3
2124,손해보험,3
2938,위장병,3
2114,졸꾸,3
2136,감량길만걷자,3
2111,cooksofinstagram,3
2087,원주보험,3
2084,사람관계,3
2081,바보,3
2057,어린이급식,3
2056,어린이급식관리지원센터,3
2940,정력,3
2135,교대근무,3
2639,samsunghealth,3
2147,직장인식단,3
2143,감량,3
2149,공복,3
2137,다이어트식사,3
2138,instadiet,3
2141,여름준비중,3
2937,효능,3
23,매거진,2
4352,꿀효능,2
4362,주방그램,2
4350,피부개선,2
4353,명절선물추천,2
25,카톡발송,2
4357,면역력선물,2
4348,건강꿀팁,2
11,단체카톡,2
18,삼성생명,2
4364,집들이선물,2
21,명함,2
572,중복,2
586,건강기능식품추천,2
19,crm,2
4356,양봉,2
9,교보생명,2
675,아르지닌,2
15,az,2
4366,기념일선물,2
12,보험대리점,2
578,비누,2
4361,꿀스타그램,2
566,전통차,2
581,수성구소아과,2
565,왕버들나무,2
564,분당발레,2
4347,배도라지정과,2
16,메가리치,2
4030,맛과,2
423,제주,2
4386,시니어필라테스,2
4039,과일품은흑마늘,2
4346,권곡동,2
4349,바이오체리,2
567,요리사,2
4345,양산동,2
13,잡지,2
569,제주관광지,2
17,9box,2
24,나인박스,2
422,mavic,2
267,여자들의몸만들기,2
27,모바일명함,2
4254,복분자,2
4247,출산선물,2
4248,크라이오창업,2
56,화학물질,2
57,안구건조증,2
62,수술,2
63,유해물질,2
4374,아기면역력,2
75,아리아요가목동쉐르빌점,2
68,코로나예방,2
4377,테라레이디,2
70,요가수련,2
4313,셀톡스,2
73,목동맘,2
4311,엔잭타커피,2
4246,정보,2
53,굳빙센터,2
52,테러,2
51,가정,2
47,키토,2
200,눈뜨스,2
205,채소스무디,2
46,부신,2
45,북그램,2
223,살은안빠짐,2
225,다이어트는다음생에,2
233,인플루언서,2
42,뒤늦은후회🤷🏻‍♀️,2
40,뜨거운물,2
243,any4서비스,2
4378,어린피부_갖구십따😂,2
4379,호주직구대행,2
74,요가강사자격증,2
76,아리아요가목동,2
28,피플라이프,2
115,영통구청,2
121,photooftheday,2
4280,광주침치료잘하는곳,2
120,instagood,2
102,전주콜라겐,2
117,미스터복싱짐,2
116,복싱클래스,2
114,키즈복싱,2
77,목동요가,2
112,망포맘,2
110,팔로미,2
103,권선구,2
106,매탄권선역,2
109,히트복싱짐,2
108,매탄동,2
95,저분자콜라겐,2
122,뮤직복싱,2
4295,신불당동,2
123,권선맘,2
91,전주다이어트,2
4376,정다믐배즙,2
678,사경증세,2
127,좋테,2
86,오색정과,2
85,주전부리,2
83,면연력강화,2
4301,울산차담,2
82,마음의소리,2
81,명상수련,2
4304,쌍화차,2
4375,어린이배즙,2
78,아리아요가,2
4380,호주유명식품,2
253,200730_🥄,2
4204,수면장애,2
343,피크닉,2
4134,유산균공구,2
353,가족여행지,2
33,kspo,2
4138,아이,2
34,목욕스타그램,2
35,찬물,2
36,국민체육진흥공단,2
254,믹서기주스,2
4155,천연기침약,2
318,필라테스자격증,2
4373,아기배즙,2
38,무더위,2
307,계란흰자,2
300,수제청미니어쳐,2
32,무더위🔥,2
4131,gc녹십자,2
4130,기관지,2
4129,뉴하비츠,2
4127,동치미에서도,2
4382,헬시케어,2
4384,대기구필라테스,2
31,고객관리,2
4115,corvid19,2
367,고지배리,2
4385,명륜동기구필라테스,2
4372,정다믐도라지배즙,2
387,리뉴얼메뉴,2
394,서울맛집,2
30,모바일잡지,2
402,이쁨,2
29,보험클리닉,2
299,카야잼,2
39,건강한_샤워방법,2
298,조치원수제청선물,2
4188,무인발열체크,2
257,스티프,2
261,운동일지,2
265,100년다이어트,2
266,플레인요거트🍶,2
107,신동,2
268,남자들의몸만들기,2
269,물빼고먹는건다기록하는식단,2
272,견과류,2
273,100년쓸몸만들기,2
274,당신의원래몸을찾아떠나는여행,2
276,푸샵com,2
278,푸샵식단,2
280,식사를합니다,2
281,먹는다는것,2
4381,베타딘,2
297,케일사과주스,2
283,조치원수제청,2
284,아보카도주스,2
285,예쁜답례품,2
286,리얼홍차우유,2
287,조치원마카롱,2
4181,강대일박사,2
288,조치원착즙주스,2
290,복숭아주스,2
292,조치원카야토스트,2
293,조치원해독주스,2
4176,관절,2
294,조치원맛집,2
295,리얼딸기우유,2
296,조치원카페,2
4387,부부듀엣👫❤,2
3717,내가나에게하는말,2
4388,wevepilates,2
1135,건강한비타민c,2
3704,빵순이,2
3706,함께라면,2
3707,고밀도영양빵,2
3708,허브티와함께,2
3709,세계1등단백질파우더원료,2
3710,성인아토피,2
3711,기능의학,2
3713,스테로이드리바운드,2
3714,부천힐락,2
3715,독소치료,2
3716,상징,2
4371,도라지배즙,2
3718,하루하루,2
3719,물병화성,2
3720,스테로이드,2
3721,알아차림,2
3722,북클럽,2
3701,츄파춥스,2
1136,하얀까마귀,2
3724,행복한독서릴레이,2
3694,김해헬스장,2
1532,たまご,2
1524,チキン,2
1519,목마사지기,2
3603,일산,2
3604,더클라임마곡,2
1482,은천동카페,2
1481,머랭쿠키,2
3617,다대포격투기,2
1470,뉴스킨리더,2
1392,ksoulbowl,2
3629,happy,2
1262,오늘의집,2
3668,mind,2
1165,well,2
3676,최종목표,2
3685,내외동pt,2
1146,고덕역,2
3723,냉방병,2
3725,행복한독서생활,2
3771,주접절주서포터즈,2
3749,부천프리다이빙,2
3751,수완지구,2
3752,광주맘스타그램,2
3754,상무지구,2
3755,광주맘,2
3756,티알90의,2
3757,90일,2
679,30초이상손씻기,2
3759,줌스타그램,2
3760,뉴스킨장혜진,2
3762,프로그램,2
3763,문화생활,2
3764,블랙아웃,2
3765,음주폐해예방,2
3766,절주서포터즈,2
3767,모니터링,2
3768,캠페인,2
3769,절주,2
3750,ssi,2
3748,워터홀릭프리다이빙,2
3726,북클럽매니아혜택,2
3746,프리다이빙강사,2
3728,세균,2
3729,식중독,2
3731,취미추천,2
3732,서울프리다이빙,2
3733,프리다이빙,2
3734,경기프리다이빙,2
3735,ssiinstructor,2
3736,수도권프리다이빙,2
3737,물놀이,2
3738,인천프리다이빙,2
3739,freediver,2
3740,프리다이빙강습,2
3741,freediving,2
3742,숨참기,2
3743,체험프리다이빙,2
3744,다이빙,2
3745,프리다이빙입문,2
1554,거제시청,2
1650,간고등어구이,2
3534,뉴스킨과함께스마일,2
2705,현미볶음,2
2698,칼로리소모량,2
2697,melbournefood,2
3193,까망천초,2
3197,다이어트요리,2
2627,고추,2
2615,태양초고추,2
2602,캐나다라이프,2
2595,캐나다맘,2
2588,송린,2
2587,핑크다운7월건강지킴이,2
2510,건강하게살기,2
2462,에프터눈티,2
3268,nuskin,2
2446,권리수입,2
2444,비가,2
2394,덕고산산양산삼,2
2364,루헨스,2
2699,새책,2
2709,수제요거트,2
1666,좋은글귀,2
2712,카카오닙스,2
3055,healthymealideas,2
3045,컨텐츠촬영,2
3040,옥마정,2
3039,완벽한바디,2
2951,아침걷기,2
2949,아우디s,2
2939,성인병예방,2
2934,명약,2
2929,덕분에챌린지,2
2895,168cm,2
3126,흑염소즙,2
3130,염소고기,2
3138,식사,2
2800,점핑운동,2
2794,다이어터맞팔,2
3149,운동하는간호사,2
2790,월요일,2
2363,미네랄,2
2362,연락하는날,2
2356,세상을,2
2346,stayhome,2
3464,중년,2
3465,무서운나이,2
1884,평일일상,2
1869,근로기준법위반🚨,2
1868,프레시케일셀러리,2
1867,양사랑,2
3492,응급실,2
1824,모닝홈트,2
1804,매일매일,2
1775,기사화하지말아주세요🙏,2
3501,타투,2
1772,매일예쁨으로,2
3504,일산타투,2
1769,녹즙,2
3511,운동모임,2
1762,건강식사,2
1761,객리단길,2
3460,오늘의처방,2
1906,베리앤넛바,2
3448,시드니,2
2139,다이어터소통,2
2335,시니어,2
2334,배송완료,2
3342,운동스타,2
2243,betterday,2
2234,아침거르지말자,2
3367,내기억력을못믿어서쓰는일기,2
3370,쾌차기원,2
2122,김,2
3437,글귀,2
2120,빵디어트챌린지11일차,2
2055,식품의약품안전처,2
2046,인천유아발레,2
3422,선식추천,2
3428,탈다이어터,2
2021,점심메뉴,2
2018,카카오프렌즈,2
3770,전라북도,2
3758,신창동,2
3772,보건복지부,2
3924,근손실방지,2
4393,온천동기구필라테스,2
1012,travel,2
997,소설,2
993,결핵퇴치,2
992,아들,2
991,괜찮아,2
930,관절병원,2
922,위험한장난,2
3925,스트레스해소👍,2
3935,1등식사대용,2
3926,추첨이벤트,2
3927,1등식사,2
3928,단백질쉐이크,2
3929,운동하는남자💪️,2
3930,운동하는여자💪,2
3931,1000칼로리,2
3932,다온점핑,2
3933,반신욕🛀,2
4394,부산필라테스,2
8,단체문자,2
4396,동래필라테스,2
4397,동래구필라테스,2
4414,정성과사랑,2
4413,공주시도라지정과,2
3773,술을_접다,2
4411,정성껏,2
4410,도라지정과답례품,2
4409,기관지염,2
4408,콩고물정과,2
4407,답례품선물,2
4406,소수정예필라테스,2
4405,명륜필라테스,2
4404,privatestudio,2
4403,산전산후필라테스,2
4402,명륜동필라테스,2
4401,바른자세,2
4400,온천동필라테스,2
4399,위브필라테스,2
4398,온천장필라테스,2
3934,무료체험,2
3936,근손실,2
4417,공주맛집,2
3969,대구한의원,2
3961,간암증상,2
3962,면역치료,2
3963,수성구한의원,2
3964,수성구,2
3965,한의원치료,2
3966,간암,2
3967,인친해요,2
3968,면혁한의원,2
3971,암재활치료,2
4391,pilateslover,2
3972,질병,2
901,금식,2
3984,황금돼지띠맘,2
780,간편도시락,2
3995,내몸관리,2
712,일산샐러드,2
4009,피로개선,2
4389,부산위브필라테스,2
3960,암환자,2
3958,한의원추천,2
3957,암치료,2
3956,한의원그램,2
3938,1등식사대용허벌라이프쉐이크,2
3939,알로하포케학동점,2
3940,여의도맛집,2
3941,하와이,2
3942,alohapoke,2
3943,신논현맛집,2
3944,학동맛집,2
3945,알로하포케,2
3946,국내최초,2
3947,포케전문점,2
3949,구매대행쇼핑몰,2
3950,스피루리나추천,2
4390,개인필라테스,2
3952,구매대행,2
3953,스피룰리나,2
3954,스피루리나,2
3955,오가닉리빙,2
4415,감사한마음,2
4412,정과,2
4370,벌화분,2
4430,시럽대신꿀,2
4432,피부미용,2
4433,튜브꿀,2
3781,피티시작,2
4435,벌꿀,2
4436,진량,2
4437,달담디저트,2
4438,하양마카롱,2
4439,생강청,2
4441,대가대,2
4442,진량마카롱,2
4443,경산마카롱,2
4444,대구대,2
4445,하양맛집,2
4446,진량맛집,2
4447,경산맛집,2
4448,수제청,2
4449,하양,2
4431,콜레스테롤수치,2
4440,보자기케이크,2
4429,코로나극복,2
4423,공주도라지정과,2
3774,주접,2
4428,닥터클린톡s,2
4418,콩고물도라지정과,2
4419,도라지,2
4420,도라지사랑,2
4421,도라지정과,2
3777,2020,2
4422,공주시맛집,2
3775,전북대,2
3779,소시지하이라이스,2
4427,닥터필라테스,2
4424,고급선물,2
4425,건강한엄마,2
3778,전북대학교,2
4426,구래동임산부필라테스,2
3780,헬스초보,2
4507,허벌홍삼,1
4473,수출침대,1
4472,고층아파트,1
4471,침대,1
4506,체육교육,1
4470,신진대사,1
4483,건강침대,1
4474,아기침대,1
4505,체지방분해,1
4469,애니핏24,1
4468,운동맛집애니핏,1
4467,크라이오맛집,1
4466,불면증개선,1
4486,효도선물,1
4478,암치유,1
4475,웰빙침대,1
4476,온열치료기,1
4477,산림욕,1
4465,피부탄력개선,1
4479,금운모흙침대,1
4480,항바이러스,1
4481,흙침대,1
4485,추천침대,1
4484,fda특허,1
4482,세계지적재산권보유,1
4508,에너지업😁,1
4509,홍삼정❤,1
4504,식단추천,1
4494,부산태극권,1
4464,근육회복,1
4434,꿀빠,1
4450,비폴렌,1
4499,어린이유산균,1
4392,동래기구필라테스,1
4498,태극기공,1
4383,호주직구,1
4489,전신피부관리,1
4490,참흙보습침대,1
4451,정다믐,1
4491,wipo특허,1
4492,어싱침대,1
4497,현진무술아카데미,1
4496,돈꽃,1
4416,세종시맛집,1
4493,손자손녀,1
4500,장우정,1
4452,인후염치료보조제,1
4463,24시헬스장,1
4459,내몸에달콤허니,1
4503,키즈유산균,1
4502,협찬문의,1
4462,천연벌꿀,1
4501,믿을신바이오,1
4461,면역푸드,1
4460,프리미엄꿀,1
4458,숙취해소,1
4453,도라지정과선물,1
4487,두통,1
4457,달콤허니,1
4456,제이센코스메틱,1
4488,돌침대,1
4455,수족냉증,1
4495,꽃가꾸는,1
4454,레몬머틀,1
3787,신제품출시,1
4338,꿀스틱,1
3803,두피케어전문점,1
3809,지루성두피,1
3808,한주연원장,1
3807,하남미용실,1
3806,덕풍동,1
3805,보니펌,1
3804,허쉬컷,1
3802,하남미사맛집,1
3794,명일역미용실,1
3801,미사맛집,1
3800,강동구미용실,1
3799,우선예약제,1
3798,뉴트리션필링,1
3797,레이어드펌,1
3796,코랄핑크염색,1
3810,미사미용실,1
3811,단발펌,1
3812,하남스타필드,1
3813,효성해링턴타워레이크파크,1
3814,빼독,1
3815,건강해지면살은선물처럼빠집니다,1
3816,뉴스킨모미나,1
3817,무보무전,1
3818,나는소중하니깐,1
3819,혈관,1
3820,yogini,1
3821,instapic,1
3822,yogalifestyle,1
3823,pilateslovers,1
3824,instalike,1
3825,요기니,1
3826,yogapractice,1
3795,천호동미용실,1
3793,염색,1
3828,최고,1
2513,새솔,1
1648,거룩한153,1
1660,비가오는,1
2027,미역줄기,1
3424,힘내세요,1
2244,빵디어트챌린지,1
2506,데니스팜,1
2586,백향과,1
3792,하남미사미용실,1
3228,긍정확언,1
3194,짜증,1
2691,소독부스터,1
2700,소스터,1
2872,오늘은요가,1
2873,땀,1
1506,한옥카페,1
3601,멸치,1
3602,착각,1
1388,사은품,1
1387,노년의부모를이해하는16가지방법,1
1252,제일헬스사이언스,1
3705,부부열정,1
3727,경주11지역국,1
3730,한정판매,1
3747,waterholicfreediving,1
3776,절주문화,1
3785,조리사영양사커플,1
3786,물상,1
3788,스태틱,1
3789,미사역,1
3790,레이어드컷,1
3791,두피,1
3827,응원합니다,1
3829,뉴스킨인연,1
37,샤워,1
3875,싫어요,1
3937,허벌라이프뉴트리션,1
3903,수경희한의원_공진단,1
3879,양배추,1
3878,쿠팡,1
3877,세리번나이트,1
3876,운동후식사,1
3874,구운계란,1
3864,의정부,1
3873,하체비만,1
3872,바디붐1호점,1
3871,바디붐휘트니스,1
3870,문의,1
3869,의정부헬스장,1
3867,바디붐녹색거리점,1
3951,뉴트렉스하와이,1
680,소아과,1
4013,에스피코,1
677,해운대구민,1
563,조치원선물카페,1
4110,닥터제니유산균,1
4124,도심속,1
4125,하와이안스피루리나,1
4126,암투병,1
282,조치원수제잼,1
250,요가전문,1
247,무미샤,1
246,인카,1
154,오정훈헤어,1
87,유니시티오아시스,1
80,아리아요가목동쉐르빌,1
66,안구건조,1
3865,바디붐,1
3863,하체비만탈출,1
3830,사진정리,1
3838,광주맛집,1
3844,런닝머신,1
3843,간헐적단식,1
3842,베이글맛집,1
3841,샌드위치맛집,1
3840,시저샐러드,1
3839,베이글샌드위치,1
3837,파더스베이글,1
3862,루이비통,1
3836,20200729,1
3835,좋은인연,1
3834,뉴스킨부스트문의,1
3833,분위기메이커,1
3832,의미있는사진,1
3831,재주꾼,1
3845,땅끄부부,1
3846,스쿼트챌린지,1
3847,헬세포,1
3848,에르메스,1
3849,파리,1
3850,에펠타워,1
3851,샹젤리제,1
3852,건축,1
3853,프랑스유학,1
3854,몽마르트,1
3855,샤넬,1
3856,워홀,1
3857,예술,1
3858,썸머스쿨,1
3859,프랑스,1
3860,루브르,1
3861,summerschool,1
4510,활력소,1
